<TICKER>;<PER>;<DATE>;<TIME>;<CLOSE>;<VOL>
MGTSP;D;151201;000000;545.0000000;20
MGTSP;D;151202;000000;525.0000000;440
MGTSP;D;151203;000000;535.0000000;110
MGTSP;D;151204;000000;537.0000000;400
MGTSP;D;151207;000000;535.0000000;810
MGTSP;D;151208;000000;541.0000000;280
MGTSP;D;151209;000000;542.0000000;150
MGTSP;D;151210;000000;540.0000000;30
MGTSP;D;151211;000000;530.0000000;30
MGTSP;D;151214;000000;532.0000000;80
MGTSP;D;151215;000000;537.0000000;40
MGTSP;D;151217;000000;540.0000000;20
MGTSP;D;151218;000000;537.0000000;290
MGTSP;D;151221;000000;533.0000000;3760
MGTSP;D;151222;000000;530.0000000;5000
MGTSP;D;151223;000000;534.0000000;600
MGTSP;D;151224;000000;545.0000000;1460
MGTSP;D;151225;000000;534.0000000;340
MGTSP;D;151228;000000;532.0000000;1910
MGTSP;D;151229;000000;540.0000000;100
MGTSP;D;151230;000000;540.0000000;60
MGTSP;D;160104;000000;543.0000000;10
MGTSP;D;160105;000000;530.0000000;90
MGTSP;D;160106;000000;542.0000000;20
MGTSP;D;160111;000000;526.0000000;230
MGTSP;D;160112;000000;543.0000000;150
MGTSP;D;160113;000000;541.0000000;40
MGTSP;D;160114;000000;531.0000000;360
MGTSP;D;160115;000000;531.0000000;790
MGTSP;D;160118;000000;536.0000000;420
MGTSP;D;160119;000000;537.0000000;70
MGTSP;D;160120;000000;531.0000000;170
MGTSP;D;160121;000000;527.0000000;200
MGTSP;D;160122;000000;533.0000000;570
MGTSP;D;160125;000000;542.0000000;70
MGTSP;D;160126;000000;545.0000000;90
MGTSP;D;160127;000000;550.0000000;260
MGTSP;D;160128;000000;553.0000000;140
MGTSP;D;160129;000000;550.0000000;120
MGTSP;D;160201;000000;548.0000000;850
MGTSP;D;160202;000000;547.0000000;40
MGTSP;D;160203;000000;545.0000000;660
MGTSP;D;160204;000000;549.0000000;550
MGTSP;D;160205;000000;551.0000000;80
MGTSP;D;160208;000000;555.0000000;110
MGTSP;D;160209;000000;555.0000000;800
MGTSP;D;160210;000000;570.0000000;840
MGTSP;D;160211;000000;555.0000000;1200
MGTSP;D;160212;000000;577.0000000;80
MGTSP;D;160215;000000;579.0000000;40
MGTSP;D;160216;000000;561.0000000;50
MGTSP;D;160217;000000;552.0000000;10
MGTSP;D;160218;000000;563.0000000;30
MGTSP;D;160220;000000;563.0000000;120
MGTSP;D;160224;000000;563.0000000;160
MGTSP;D;160225;000000;579.0000000;440
MGTSP;D;160226;000000;564.0000000;20
MGTSP;D;160229;000000;578.0000000;40
MGTSP;D;160302;000000;567.0000000;50
MGTSP;D;160303;000000;570.0000000;290
MGTSP;D;160304;000000;585.0000000;2800
MGTSP;D;160307;000000;571.0000000;200
MGTSP;D;160310;000000;580.0000000;30
MGTSP;D;160314;000000;587.0000000;510
MGTSP;D;160315;000000;575.0000000;170
MGTSP;D;160316;000000;580.0000000;100
MGTSP;D;160317;000000;573.0000000;20
MGTSP;D;160318;000000;575.0000000;60
MGTSP;D;160321;000000;570.0000000;1090
MGTSP;D;160322;000000;570.0000000;320
MGTSP;D;160323;000000;568.0000000;300
MGTSP;D;160324;000000;568.0000000;390
MGTSP;D;160330;000000;570.0000000;50
MGTSP;D;160331;000000;566.0000000;420
MGTSP;D;160401;000000;604.0000000;4580
MGTSP;D;160404;000000;609.0000000;1820
MGTSP;D;160405;000000;597.0000000;210
MGTSP;D;160406;000000;610.0000000;650
MGTSP;D;160407;000000;610.0000000;550
MGTSP;D;160408;000000;601.0000000;10
MGTSP;D;160411;000000;610.0000000;1020
MGTSP;D;160412;000000;600.0000000;740
MGTSP;D;160413;000000;600.0000000;610
MGTSP;D;160414;000000;615.0000000;1310
MGTSP;D;160415;000000;616.0000000;70
MGTSP;D;160418;000000;626.0000000;530
MGTSP;D;160419;000000;632.0000000;650
MGTSP;D;160420;000000;625.0000000;1720
MGTSP;D;160425;000000;620.0000000;20
MGTSP;D;160426;000000;620.0000000;120
MGTSP;D;160427;000000;614.0000000;50
MGTSP;D;160428;000000;608.0000000;150
MGTSP;D;160504;000000;604.0000000;70
MGTSP;D;160505;000000;604.0000000;50
MGTSP;D;160510;000000;620.0000000;150
MGTSP;D;160511;000000;610.0000000;20
MGTSP;D;160512;000000;605.0000000;2050
MGTSP;D;160513;000000;845.0000000;2140
MGTSP;D;160516;000000;998.0000000;12870
MGTSP;D;160517;000000;950.0000000;7700
MGTSP;D;160518;000000;923.0000000;12080
MGTSP;D;160519;000000;920.0000000;16000
MGTSP;D;160520;000000;916.0000000;7800
MGTSP;D;160523;000000;918.0000000;4630
MGTSP;D;160524;000000;912.0000000;7010
MGTSP;D;160525;000000;912.0000000;3680
MGTSP;D;160526;000000;912.0000000;4350
MGTSP;D;160527;000000;912.0000000;1340
MGTSP;D;160530;000000;923.0000000;890
MGTSP;D;160531;000000;923.0000000;400
MGTSP;D;160601;000000;917.0000000;1960
MGTSP;D;160602;000000;923.0000000;1190
MGTSP;D;160603;000000;907.0000000;3250
MGTSP;D;160606;000000;918.0000000;530
MGTSP;D;160607;000000;922.0000000;970
MGTSP;D;160608;000000;915.0000000;2890
MGTSP;D;160609;000000;906.0000000;2310
MGTSP;D;160610;000000;909.0000000;930
MGTSP;D;160614;000000;902.0000000;2990
MGTSP;D;160615;000000;900.0000000;1330
MGTSP;D;160616;000000;914.0000000;570
MGTSP;D;160617;000000;901.0000000;720
MGTSP;D;160620;000000;906.0000000;2820
MGTSP;D;160621;000000;905.0000000;4340
MGTSP;D;160622;000000;900.0000000;3570
MGTSP;D;160623;000000;900.0000000;3380
MGTSP;D;160624;000000;909.0000000;2010
MGTSP;D;160627;000000;935.0000000;2900
MGTSP;D;160628;000000;950.0000000;2140
MGTSP;D;160629;000000;950.0000000;1340
MGTSP;D;160630;000000;979.0000000;1480
MGTSP;D;160701;000000;984.0000000;3240
MGTSP;D;160704;000000;992.0000000;880
MGTSP;D;160705;000000;998.0000000;2620
MGTSP;D;160706;000000;985.0000000;1720
MGTSP;D;160707;000000;999.0000000;2260
MGTSP;D;160708;000000;999.0000000;4030
MGTSP;D;160711;000000;1015.0000000;5080
MGTSP;D;160712;000000;1014.0000000;3830
MGTSP;D;160713;000000;1029.0000000;4140
MGTSP;D;160714;000000;1040.0000000;12830
MGTSP;D;160715;000000;799.0000000;12050
MGTSP;D;160718;000000;800.0000000;890
MGTSP;D;160719;000000;785.0000000;2420
MGTSP;D;160720;000000;780.0000000;570
MGTSP;D;160721;000000;774.0000000;1450
MGTSP;D;160722;000000;777.0000000;900
MGTSP;D;160725;000000;765.0000000;820
MGTSP;D;160726;000000;788.0000000;910
MGTSP;D;160727;000000;793.0000000;90
MGTSP;D;160728;000000;791.0000000;60
MGTSP;D;160729;000000;770.0000000;1790
MGTSP;D;160801;000000;783.0000000;70
MGTSP;D;160802;000000;770.0000000;230
MGTSP;D;160803;000000;773.0000000;170
MGTSP;D;160804;000000;770.0000000;250
MGTSP;D;160805;000000;773.0000000;770
MGTSP;D;160808;000000;775.0000000;490
MGTSP;D;160809;000000;775.0000000;440
MGTSP;D;160810;000000;780.0000000;450
MGTSP;D;160811;000000;772.0000000;140
MGTSP;D;160812;000000;778.0000000;820
MGTSP;D;160815;000000;776.0000000;360
MGTSP;D;160816;000000;780.0000000;240
MGTSP;D;160817;000000;780.0000000;320
MGTSP;D;160818;000000;780.0000000;410
MGTSP;D;160819;000000;773.0000000;280
MGTSP;D;160822;000000;780.0000000;230
MGTSP;D;160823;000000;779.0000000;330
MGTSP;D;160824;000000;779.0000000;160
MGTSP;D;160825;000000;762.0000000;2780
MGTSP;D;160826;000000;761.0000000;700
MGTSP;D;160829;000000;762.0000000;2220
MGTSP;D;160830;000000;756.0000000;940
MGTSP;D;160831;000000;758.0000000;790
MGTSP;D;160901;000000;751.0000000;1170
MGTSP;D;160902;000000;750.0000000;520
MGTSP;D;160905;000000;751.0000000;320
MGTSP;D;160906;000000;746.0000000;980
MGTSP;D;160907;000000;746.0000000;190
MGTSP;D;160908;000000;737.0000000;710
MGTSP;D;160909;000000;739.0000000;560
MGTSP;D;160912;000000;747.0000000;140
MGTSP;D;160913;000000;744.0000000;150
MGTSP;D;160914;000000;745.0000000;80
MGTSP;D;160915;000000;755.0000000;5570
MGTSP;D;160916;000000;750.0000000;1320
MGTSP;D;160920;000000;745.0000000;260
MGTSP;D;160921;000000;739.0000000;4040
MGTSP;D;160922;000000;737.0000000;70
MGTSP;D;160923;000000;737.0000000;540
MGTSP;D;160926;000000;738.0000000;1160
MGTSP;D;160927;000000;726.0000000;310
MGTSP;D;160928;000000;740.0000000;140
MGTSP;D;160929;000000;734.0000000;160
MGTSP;D;160930;000000;730.0000000;150
MGTSP;D;161003;000000;728.0000000;120
MGTSP;D;161004;000000;741.0000000;400
MGTSP;D;161005;000000;737.0000000;60
MGTSP;D;161006;000000;738.0000000;680
MGTSP;D;161007;000000;740.0000000;1290
MGTSP;D;161010;000000;750.0000000;200
MGTSP;D;161011;000000;742.0000000;240
MGTSP;D;161012;000000;760.0000000;70
MGTSP;D;161013;000000;750.0000000;240
MGTSP;D;161014;000000;759.0000000;270
MGTSP;D;161017;000000;730.0000000;1350
MGTSP;D;161018;000000;723.0000000;380
MGTSP;D;161019;000000;746.0000000;370
MGTSP;D;161020;000000;749.0000000;280
MGTSP;D;161021;000000;751.0000000;1210
MGTSP;D;161024;000000;740.0000000;340
MGTSP;D;161025;000000;740.0000000;2110
MGTSP;D;161026;000000;759.0000000;610
MGTSP;D;161027;000000;750.0000000;730
MGTSP;D;161028;000000;760.0000000;2060
MGTSP;D;161031;000000;763.0000000;1200
MGTSP;D;161101;000000;754.0000000;300
MGTSP;D;161102;000000;753.0000000;420
MGTSP;D;161103;000000;747.0000000;30
MGTSP;D;161107;000000;733.0000000;40
MGTSP;D;161108;000000;735.0000000;120
MGTSP;D;161109;000000;745.0000000;100
MGTSP;D;161110;000000;741.0000000;60
MGTSP;D;161111;000000;750.0000000;80
MGTSP;D;161114;000000;743.0000000;60
MGTSP;D;161115;000000;745.0000000;580
MGTSP;D;161116;000000;754.0000000;50
MGTSP;D;161117;000000;764.0000000;410
MGTSP;D;161118;000000;757.0000000;440
MGTSP;D;161121;000000;759.0000000;470
MGTSP;D;161122;000000;765.0000000;120
MGTSP;D;161123;000000;751.0000000;670
MGTSP;D;161124;000000;760.0000000;250
MGTSP;D;161125;000000;771.0000000;290
MGTSP;D;161128;000000;757.0000000;1700
MGTSP;D;161129;000000;764.0000000;210
MGTSP;D;161130;000000;764.0000000;140
MGTSP;D;161201;000000;774.0000000;370
MGTSP;D;161202;000000;776.0000000;580
MGTSP;D;161205;000000;776.0000000;110
MGTSP;D;161206;000000;789.0000000;1050
MGTSP;D;161207;000000;796.0000000;180
MGTSP;D;161208;000000;790.0000000;790
MGTSP;D;161209;000000;792.0000000;640
MGTSP;D;161212;000000;801.0000000;260
MGTSP;D;161213;000000;780.0000000;320
MGTSP;D;161214;000000;775.0000000;200
MGTSP;D;161215;000000;780.0000000;130
MGTSP;D;161216;000000;790.0000000;410
MGTSP;D;161219;000000;795.0000000;10
MGTSP;D;161220;000000;790.0000000;50
MGTSP;D;161221;000000;785.0000000;170
MGTSP;D;161222;000000;789.0000000;170
MGTSP;D;161223;000000;793.0000000;120
MGTSP;D;161226;000000;800.0000000;770
MGTSP;D;161227;000000;800.0000000;440
MGTSP;D;161228;000000;807.0000000;1430
MGTSP;D;161229;000000;807.0000000;1010
MGTSP;D;161230;000000;807.0000000;200
MGTSP;D;170103;000000;810.0000000;70
MGTSP;D;170104;000000;814.0000000;200
MGTSP;D;170105;000000;816.0000000;720
MGTSP;D;170106;000000;820.0000000;180
MGTSP;D;170109;000000;822.0000000;380
MGTSP;D;170110;000000;840.0000000;710
MGTSP;D;170111;000000;863.0000000;1600
MGTSP;D;170112;000000;900.0000000;2080
MGTSP;D;170113;000000;897.0000000;2520
MGTSP;D;170116;000000;890.0000000;370
MGTSP;D;170117;000000;894.0000000;620
MGTSP;D;170118;000000;904.0000000;800
MGTSP;D;170119;000000;866.0000000;860
MGTSP;D;170120;000000;868.0000000;170
MGTSP;D;170123;000000;863.0000000;200
MGTSP;D;170124;000000;880.0000000;590
MGTSP;D;170125;000000;885.0000000;330
MGTSP;D;170126;000000;875.0000000;1450
MGTSP;D;170127;000000;889.0000000;260
MGTSP;D;170130;000000;879.0000000;210
MGTSP;D;170131;000000;887.0000000;290
MGTSP;D;170201;000000;870.0000000;990
MGTSP;D;170202;000000;869.0000000;520
MGTSP;D;170203;000000;869.0000000;310
MGTSP;D;170206;000000;860.0000000;350
MGTSP;D;170207;000000;873.0000000;870
MGTSP;D;170208;000000;878.0000000;130
MGTSP;D;170209;000000;874.0000000;70
MGTSP;D;170210;000000;879.0000000;160
MGTSP;D;170213;000000;876.0000000;670
MGTSP;D;170214;000000;879.0000000;260
MGTSP;D;170215;000000;875.0000000;200
MGTSP;D;170216;000000;880.0000000;60
MGTSP;D;170217;000000;882.0000000;230
MGTSP;D;170220;000000;895.0000000;770
MGTSP;D;170221;000000;900.0000000;510
MGTSP;D;170222;000000;890.0000000;740
MGTSP;D;170224;000000;887.0000000;330
MGTSP;D;170227;000000;860.0000000;560
MGTSP;D;170228;000000;851.0000000;940
MGTSP;D;170301;000000;870.0000000;140
MGTSP;D;170302;000000;861.0000000;1610
MGTSP;D;170303;000000;854.0000000;40
MGTSP;D;170306;000000;844.0000000;2960
MGTSP;D;170307;000000;841.0000000;920
MGTSP;D;170309;000000;859.0000000;2320
MGTSP;D;170310;000000;835.0000000;1970
MGTSP;D;170313;000000;830.0000000;290
MGTSP;D;170314;000000;835.0000000;300
MGTSP;D;170315;000000;835.0000000;70
MGTSP;D;170316;000000;835.0000000;10
MGTSP;D;170317;000000;830.0000000;70
MGTSP;D;170320;000000;832.0000000;110
MGTSP;D;170321;000000;819.0000000;380
MGTSP;D;170322;000000;832.0000000;690
MGTSP;D;170323;000000;833.0000000;230
MGTSP;D;170324;000000;844.0000000;130
MGTSP;D;170327;000000;840.0000000;1390
MGTSP;D;170328;000000;880.0000000;500
MGTSP;D;170330;000000;860.0000000;200
MGTSP;D;170331;000000;882.0000000;90
MGTSP;D;170403;000000;881.0000000;20
MGTSP;D;170404;000000;876.0000000;320
MGTSP;D;170405;000000;878.0000000;160
MGTSP;D;170406;000000;868.0000000;230
MGTSP;D;170407;000000;878.0000000;1150
MGTSP;D;170410;000000;858.0000000;1100
MGTSP;D;170411;000000;860.0000000;110
MGTSP;D;170412;000000;859.0000000;510
MGTSP;D;170413;000000;849.0000000;270
MGTSP;D;170414;000000;850.0000000;210
MGTSP;D;170417;000000;854.0000000;240
MGTSP;D;170418;000000;838.0000000;140
MGTSP;D;170419;000000;841.0000000;90
MGTSP;D;170420;000000;840.0000000;1330
MGTSP;D;170421;000000;841.0000000;280
MGTSP;D;170424;000000;878.0000000;40
MGTSP;D;170425;000000;857.0000000;670
MGTSP;D;170426;000000;865.0000000;170
MGTSP;D;170427;000000;860.0000000;110
MGTSP;D;170428;000000;865.0000000;370
MGTSP;D;170502;000000;868.0000000;1220
MGTSP;D;170503;000000;856.0000000;110
MGTSP;D;170504;000000;882.0000000;790
MGTSP;D;170505;000000;870.0000000;50
MGTSP;D;170510;000000;880.0000000;10
MGTSP;D;170511;000000;881.0000000;440
MGTSP;D;170512;000000;869.0000000;10
MGTSP;D;170515;000000;1215.0000000;21780
MGTSP;D;170516;000000;1329.0000000;27120
MGTSP;D;170517;000000;1316.0000000;3480
MGTSP;D;170518;000000;1333.0000000;3430
MGTSP;D;170519;000000;1312.0000000;1510
MGTSP;D;170522;000000;1300.0000000;1700
MGTSP;D;170523;000000;1295.0000000;1100
MGTSP;D;170524;000000;1290.0000000;1880
MGTSP;D;170525;000000;1292.0000000;1250
MGTSP;D;170526;000000;1295.0000000;770
MGTSP;D;170529;000000;1303.0000000;1270
MGTSP;D;170530;000000;1318.0000000;1500
MGTSP;D;170531;000000;1304.0000000;1150
MGTSP;D;170601;000000;1312.0000000;3420
MGTSP;D;170602;000000;1315.0000000;810
MGTSP;D;170605;000000;1329.0000000;40
MGTSP;D;170606;000000;1331.0000000;230
MGTSP;D;170607;000000;1320.0000000;670
MGTSP;D;170608;000000;1303.0000000;1280
MGTSP;D;170609;000000;1310.0000000;990
MGTSP;D;170613;000000;1302.0000000;450
MGTSP;D;170614;000000;1305.0000000;900
MGTSP;D;170615;000000;1301.0000000;1450
MGTSP;D;170616;000000;1320.0000000;720
MGTSP;D;170619;000000;1300.0000000;390
MGTSP;D;170620;000000;1315.0000000;410
MGTSP;D;170621;000000;1308.0000000;990
MGTSP;D;170622;000000;1341.0000000;2470
MGTSP;D;170623;000000;1337.0000000;6730
MGTSP;D;170626;000000;1336.0000000;1610
MGTSP;D;170627;000000;1345.0000000;590
MGTSP;D;170628;000000;1348.0000000;2460
MGTSP;D;170629;000000;1345.0000000;1620
MGTSP;D;170630;000000;1345.0000000;1450
MGTSP;D;170703;000000;1346.0000000;1150
MGTSP;D;170704;000000;1348.0000000;980
MGTSP;D;170705;000000;1360.0000000;7300
MGTSP;D;170706;000000;1341.0000000;2120
MGTSP;D;170707;000000;1360.0000000;2260
MGTSP;D;170710;000000;1425.0000000;8110
MGTSP;D;170711;000000;1400.0000000;14570
MGTSP;D;170712;000000;1130.0000000;16020
MGTSP;D;170713;000000;1070.0000000;3000
MGTSP;D;170714;000000;988.0000000;5360
MGTSP;D;170717;000000;987.0000000;3000
MGTSP;D;170718;000000;975.0000000;1520
MGTSP;D;170719;000000;1011.0000000;400
MGTSP;D;170720;000000;1000.0000000;830
MGTSP;D;170721;000000;1002.0000000;780
MGTSP;D;170724;000000;1013.0000000;380
MGTSP;D;170725;000000;1024.0000000;320
MGTSP;D;170726;000000;1016.0000000;520
MGTSP;D;170727;000000;1012.0000000;450
MGTSP;D;170728;000000;1016.0000000;1520
MGTSP;D;170731;000000;1027.0000000;330
MGTSP;D;170801;000000;1021.0000000;350
MGTSP;D;170802;000000;1070.0000000;1780
MGTSP;D;170803;000000;1067.0000000;370
MGTSP;D;170804;000000;1079.0000000;670
MGTSP;D;170807;000000;1057.0000000;640
MGTSP;D;170808;000000;1065.0000000;1490
MGTSP;D;170809;000000;1069.0000000;320
MGTSP;D;170810;000000;1058.0000000;710
MGTSP;D;170811;000000;1048.0000000;1520
MGTSP;D;170814;000000;1111.0000000;1200
MGTSP;D;170815;000000;1116.0000000;2690
MGTSP;D;170816;000000;1108.0000000;460
MGTSP;D;170817;000000;1069.0000000;1010
MGTSP;D;170818;000000;1081.0000000;290
MGTSP;D;170821;000000;1080.0000000;330
MGTSP;D;170822;000000;1073.0000000;530
MGTSP;D;170823;000000;1085.0000000;710
MGTSP;D;170824;000000;1097.0000000;910
MGTSP;D;170825;000000;1090.0000000;480
MGTSP;D;170828;000000;1085.0000000;430
MGTSP;D;170829;000000;1082.0000000;250
MGTSP;D;170830;000000;1085.0000000;650
MGTSP;D;170831;000000;1078.0000000;260
MGTSP;D;170901;000000;1074.0000000;590
MGTSP;D;170904;000000;1075.0000000;450
MGTSP;D;170905;000000;1077.0000000;680
MGTSP;D;170906;000000;1063.0000000;600
MGTSP;D;170907;000000;1078.0000000;410
MGTSP;D;170908;000000;1080.0000000;540
MGTSP;D;170911;000000;1085.0000000;260
MGTSP;D;170912;000000;1089.0000000;860
MGTSP;D;170913;000000;1087.0000000;310
MGTSP;D;170914;000000;1075.0000000;2040
MGTSP;D;170915;000000;1080.0000000;650
MGTSP;D;170918;000000;1087.0000000;950
MGTSP;D;170919;000000;1085.0000000;720
MGTSP;D;170920;000000;1089.0000000;1050
MGTSP;D;170921;000000;1084.0000000;1090
MGTSP;D;170922;000000;1100.0000000;1030
MGTSP;D;170925;000000;1108.0000000;760
MGTSP;D;170926;000000;1124.0000000;1110
MGTSP;D;170927;000000;1137.0000000;1380
MGTSP;D;170928;000000;1137.0000000;960
MGTSP;D;170929;000000;1148.0000000;460
MGTSP;D;171002;000000;1139.0000000;420
MGTSP;D;171003;000000;1140.0000000;610
MGTSP;D;171004;000000;1145.0000000;3300
MGTSP;D;171005;000000;1135.0000000;560
MGTSP;D;171006;000000;1130.0000000;240
MGTSP;D;171009;000000;1140.0000000;2470
MGTSP;D;171010;000000;1132.0000000;760
MGTSP;D;171011;000000;1145.0000000;1320
MGTSP;D;171012;000000;1165.0000000;1100
MGTSP;D;171013;000000;1162.0000000;800
MGTSP;D;171016;000000;1170.0000000;1790
MGTSP;D;171017;000000;1177.0000000;1040
MGTSP;D;171018;000000;1219.0000000;2810
MGTSP;D;171019;000000;1224.0000000;1140
MGTSP;D;171020;000000;1243.0000000;730
MGTSP;D;171023;000000;1245.0000000;370
MGTSP;D;171024;000000;1232.0000000;1060
MGTSP;D;171025;000000;1223.0000000;540
MGTSP;D;171026;000000;1225.0000000;370
MGTSP;D;171027;000000;1228.0000000;1090
MGTSP;D;171030;000000;1224.0000000;1320
MGTSP;D;171031;000000;1225.0000000;1450
MGTSP;D;171101;000000;1229.0000000;650
MGTSP;D;171102;000000;1235.0000000;1850
MGTSP;D;171103;000000;1262.0000000;1960
MGTSP;D;171107;000000;1296.0000000;2260
MGTSP;D;171108;000000;1315.0000000;1790
MGTSP;D;171109;000000;1299.0000000;460
MGTSP;D;171110;000000;1289.0000000;890
MGTSP;D;171113;000000;1312.0000000;1230
MGTSP;D;171114;000000;1315.0000000;380
MGTSP;D;171115;000000;1309.0000000;3920
MGTSP;D;171116;000000;1300.0000000;360
MGTSP;D;171117;000000;1305.0000000;1910
MGTSP;D;171120;000000;1265.0000000;1100
MGTSP;D;171121;000000;1210.0000000;5260
MGTSP;D;171122;000000;1221.0000000;670
MGTSP;D;171123;000000;1250.0000000;360
MGTSP;D;171124;000000;1270.0000000;430
MGTSP;D;171127;000000;1282.0000000;330
MGTSP;D;171128;000000;1260.0000000;390
MGTSP;D;171129;000000;1272.0000000;620
MGTSP;D;171130;000000;1244.0000000;220
MGTSP;D;171201;000000;1259.0000000;800
MGTSP;D;171204;000000;1250.0000000;390
MGTSP;D;171205;000000;1235.0000000;160
MGTSP;D;171206;000000;1249.0000000;700
MGTSP;D;171207;000000;1242.0000000;430
MGTSP;D;171208;000000;1261.0000000;230
MGTSP;D;171211;000000;1254.0000000;610
MGTSP;D;171212;000000;1255.0000000;580
MGTSP;D;171213;000000;1260.0000000;1360
MGTSP;D;171214;000000;1255.0000000;200
MGTSP;D;171215;000000;1259.0000000;550
MGTSP;D;171218;000000;1256.0000000;1050
MGTSP;D;171219;000000;1262.0000000;200
MGTSP;D;171220;000000;1237.0000000;1840
MGTSP;D;171221;000000;1212.0000000;1860
MGTSP;D;171222;000000;1225.0000000;850
MGTSP;D;171225;000000;1254.0000000;1260
MGTSP;D;171226;000000;1248.0000000;1500
MGTSP;D;171227;000000;1247.0000000;830
MGTSP;D;171228;000000;1266.0000000;370
MGTSP;D;171229;000000;1269.0000000;910
MGTSP;D;180103;000000;1293.0000000;1290
MGTSP;D;180104;000000;1320.0000000;1060
MGTSP;D;180105;000000;1314.0000000;1290
MGTSP;D;180109;000000;1335.0000000;3280
MGTSP;D;180110;000000;1315.0000000;690
MGTSP;D;180111;000000;1324.0000000;580
MGTSP;D;180112;000000;1309.0000000;770
MGTSP;D;180115;000000;1346.0000000;910
MGTSP;D;180116;000000;1414.0000000;6520
MGTSP;D;180117;000000;1449.0000000;2710
MGTSP;D;180118;000000;1448.0000000;1170
MGTSP;D;180119;000000;1472.0000000;1440
MGTSP;D;180122;000000;1476.0000000;1460
MGTSP;D;180123;000000;1469.0000000;1000
MGTSP;D;180124;000000;1447.0000000;1240
MGTSP;D;180125;000000;1455.0000000;1120
MGTSP;D;180126;000000;1412.0000000;6180
MGTSP;D;180129;000000;1395.0000000;1280
MGTSP;D;180130;000000;1421.0000000;770
MGTSP;D;180131;000000;1446.0000000;590
MGTSP;D;180201;000000;1455.0000000;1030
MGTSP;D;180202;000000;1450.0000000;510
MGTSP;D;180205;000000;1435.0000000;540
MGTSP;D;180206;000000;1435.0000000;1980
MGTSP;D;180207;000000;1465.0000000;740
MGTSP;D;180208;000000;1465.0000000;480
MGTSP;D;180209;000000;1445.0000000;390
MGTSP;D;180212;000000;1485.0000000;700
MGTSP;D;180213;000000;1500.0000000;1380
MGTSP;D;180214;000000;1500.0000000;1160
MGTSP;D;180215;000000;1475.0000000;1520
MGTSP;D;180216;000000;1485.0000000;1460
MGTSP;D;180219;000000;1505.0000000;1610
MGTSP;D;180220;000000;1505.0000000;1460
MGTSP;D;180221;000000;1515.0000000;2670
MGTSP;D;180222;000000;1505.0000000;1340
MGTSP;D;180226;000000;1505.0000000;1870
MGTSP;D;180227;000000;1510.0000000;1810
MGTSP;D;180228;000000;1515.0000000;890
MGTSP;D;180301;000000;1515.0000000;920
MGTSP;D;180302;000000;1525.0000000;1370
MGTSP;D;180305;000000;1575.0000000;1230
MGTSP;D;180306;000000;1595.0000000;1010
MGTSP;D;180307;000000;1595.0000000;830
MGTSP;D;180309;000000;1600.0000000;400
MGTSP;D;180312;000000;1630.0000000;2100
MGTSP;D;180313;000000;1695.0000000;1480
MGTSP;D;180314;000000;1800.0000000;4830
MGTSP;D;180315;000000;1815.0000000;1420
MGTSP;D;180316;000000;1740.0000000;2050
MGTSP;D;180319;000000;1790.0000000;1080
MGTSP;D;180320;000000;1760.0000000;860
MGTSP;D;180321;000000;1765.0000000;900
MGTSP;D;180322;000000;1750.0000000;480
MGTSP;D;180323;000000;1770.0000000;420
MGTSP;D;180326;000000;1755.0000000;890
MGTSP;D;180327;000000;1755.0000000;200
MGTSP;D;180328;000000;1765.0000000;740
MGTSP;D;180329;000000;1765.0000000;130
MGTSP;D;180330;000000;1750.0000000;1940
MGTSP;D;180402;000000;1755.0000000;450
MGTSP;D;180403;000000;1770.0000000;600
MGTSP;D;180404;000000;1760.0000000;600
MGTSP;D;180405;000000;1760.0000000;400
MGTSP;D;180406;000000;1720.0000000;7680
MGTSP;D;180409;000000;1615.0000000;3520
MGTSP;D;180410;000000;1665.0000000;2220
MGTSP;D;180411;000000;1635.0000000;2530
MGTSP;D;180412;000000;1670.0000000;470
MGTSP;D;180413;000000;1660.0000000;2400
MGTSP;D;180416;000000;1655.0000000;1400
MGTSP;D;180417;000000;1670.0000000;500
MGTSP;D;180418;000000;1660.0000000;2410
MGTSP;D;180419;000000;1665.0000000;420
MGTSP;D;180420;000000;1670.0000000;210
MGTSP;D;180423;000000;1690.0000000;620
MGTSP;D;180424;000000;1715.0000000;2440
MGTSP;D;180425;000000;1725.0000000;2040
MGTSP;D;180426;000000;1750.0000000;2990
MGTSP;D;180427;000000;1745.0000000;5510
MGTSP;D;180428;000000;1735.0000000;11
MGTSP;D;180430;000000;1740.0000000;320
MGTSP;D;180502;000000;1700.0000000;3070
MGTSP;D;180503;000000;1700.0000000;400
MGTSP;D;180504;000000;1705.0000000;210
MGTSP;D;180507;000000;1710.0000000;1240
MGTSP;D;180508;000000;1725.0000000;1130
MGTSP;D;180510;000000;1730.0000000;2080
MGTSP;D;180511;000000;1715.0000000;3100
MGTSP;D;180514;000000;1885.0000000;17780
MGTSP;D;180515;000000;1845.0000000;3450
MGTSP;D;180516;000000;1865.0000000;920
MGTSP;D;180517;000000;1870.0000000;1380
MGTSP;D;180518;000000;1850.0000000;2450
MGTSP;D;180521;000000;1860.0000000;2750
MGTSP;D;180522;000000;1865.0000000;3270
MGTSP;D;180523;000000;1830.0000000;3280
MGTSP;D;180524;000000;1830.0000000;2380
MGTSP;D;180525;000000;1825.0000000;2000
MGTSP;D;180528;000000;1855.0000000;940
MGTSP;D;180529;000000;1845.0000000;620
MGTSP;D;180530;000000;1840.0000000;2460
MGTSP;D;180531;000000;1840.0000000;1050
MGTSP;D;180601;000000;1835.0000000;1460
MGTSP;D;180604;000000;1845.0000000;1330
MGTSP;D;180605;000000;1860.0000000;2280
MGTSP;D;180606;000000;1865.0000000;1780
MGTSP;D;180607;000000;1950.0000000;4510
MGTSP;D;180608;000000;1940.0000000;2970
MGTSP;D;180609;000000;1960.0000000;145
MGTSP;D;180611;000000;2000.0000000;1130
MGTSP;D;180613;000000;2030.0000000;1580
MGTSP;D;180614;000000;2090.0000000;3440
MGTSP;D;180615;000000;2065.0000000;1550
MGTSP;D;180618;000000;2095.0000000;1090
MGTSP;D;180619;000000;2070.0000000;840
MGTSP;D;180620;000000;2065.0000000;970
MGTSP;D;180621;000000;2060.0000000;1310
MGTSP;D;180622;000000;2050.0000000;2090
MGTSP;D;180625;000000;2050.0000000;1020
MGTSP;D;180626;000000;2045.0000000;2690
MGTSP;D;180627;000000;2030.0000000;730
MGTSP;D;180628;000000;2040.0000000;1220
MGTSP;D;180629;000000;2050.0000000;1670
MGTSP;D;180702;000000;2065.0000000;2660
MGTSP;D;180703;000000;2060.0000000;2530
MGTSP;D;180704;000000;2030.0000000;2260
MGTSP;D;180705;000000;2065.0000000;5560
MGTSP;D;180706;000000;2095.0000000;4860
MGTSP;D;180709;000000;2085.0000000;8260
MGTSP;D;180710;000000;2130.0000000;19390
MGTSP;D;180711;000000;1950.0000000;11950
MGTSP;D;180712;000000;1900.0000000;6930
MGTSP;D;180713;000000;1910.0000000;2370
MGTSP;D;180716;000000;1840.0000000;4930
MGTSP;D;180717;000000;1830.0000000;2520
MGTSP;D;180718;000000;1770.0000000;3820
MGTSP;D;180719;000000;1820.0000000;2310
MGTSP;D;180720;000000;1815.0000000;1620
MGTSP;D;180723;000000;1760.0000000;3420
MGTSP;D;180724;000000;1740.0000000;2800
MGTSP;D;180725;000000;1735.0000000;1600
MGTSP;D;180726;000000;1725.0000000;1100
MGTSP;D;180727;000000;1735.0000000;710
MGTSP;D;180730;000000;1755.0000000;1320
MGTSP;D;180731;000000;1785.0000000;1380
MGTSP;D;180801;000000;1800.0000000;2590
MGTSP;D;180802;000000;1765.0000000;850
MGTSP;D;180803;000000;1770.0000000;440
MGTSP;D;180806;000000;1755.0000000;1080
MGTSP;D;180807;000000;1750.0000000;1280
MGTSP;D;180808;000000;1730.0000000;1720
MGTSP;D;180809;000000;1725.0000000;1690
MGTSP;D;180810;000000;1720.0000000;1140
MGTSP;D;180813;000000;1750.0000000;3390
MGTSP;D;180814;000000;1750.0000000;770
MGTSP;D;180815;000000;1720.0000000;390
MGTSP;D;180816;000000;1725.0000000;450
MGTSP;D;180817;000000;1700.0000000;1200
MGTSP;D;180820;000000;1710.0000000;650
MGTSP;D;180821;000000;1715.0000000;430
MGTSP;D;180822;000000;1700.0000000;530
MGTSP;D;180823;000000;1695.0000000;1260
MGTSP;D;180824;000000;1680.0000000;1350
MGTSP;D;180827;000000;1680.0000000;330
MGTSP;D;180828;000000;1690.0000000;480
MGTSP;D;180829;000000;1690.0000000;610
MGTSP;D;180830;000000;1675.0000000;850
MGTSP;D;180831;000000;1635.0000000;1940
MGTSP;D;180903;000000;1645.0000000;1150
MGTSP;D;180904;000000;1665.0000000;400
MGTSP;D;180905;000000;1645.0000000;300
MGTSP;D;180906;000000;1615.0000000;880
MGTSP;D;180907;000000;1615.0000000;860
MGTSP;D;180910;000000;1565.0000000;1960
MGTSP;D;180911;000000;1520.0000000;2760
MGTSP;D;180912;000000;1550.0000000;900
MGTSP;D;180913;000000;1605.0000000;670
MGTSP;D;180914;000000;1650.0000000;1160
MGTSP;D;180917;000000;1670.0000000;1260
MGTSP;D;180918;000000;1685.0000000;630
MGTSP;D;180919;000000;1665.0000000;840
MGTSP;D;180920;000000;1650.0000000;650
MGTSP;D;180921;000000;1665.0000000;570
MGTSP;D;180924;000000;1655.0000000;190
MGTSP;D;180925;000000;1660.0000000;170
MGTSP;D;180926;000000;1620.0000000;980
MGTSP;D;180927;000000;1620.0000000;190
MGTSP;D;180928;000000;1590.0000000;1090
MGTSP;D;181001;000000;1610.0000000;660
MGTSP;D;181002;000000;1645.0000000;1200
MGTSP;D;181003;000000;1635.0000000;340
MGTSP;D;181004;000000;1625.0000000;270
MGTSP;D;181005;000000;1600.0000000;470
MGTSP;D;181008;000000;1600.0000000;110
MGTSP;D;181009;000000;1615.0000000;210
MGTSP;D;181010;000000;1595.0000000;350
MGTSP;D;181011;000000;1610.0000000;570
MGTSP;D;181012;000000;1610.0000000;220
MGTSP;D;181015;000000;1605.0000000;240
MGTSP;D;181016;000000;1620.0000000;120
MGTSP;D;181017;000000;1620.0000000;320
MGTSP;D;181018;000000;1605.0000000;920
MGTSP;D;181019;000000;1600.0000000;240
MGTSP;D;181022;000000;1600.0000000;750
MGTSP;D;181023;000000;1595.0000000;290
MGTSP;D;181024;000000;1590.0000000;170
MGTSP;D;181025;000000;1590.0000000;200
MGTSP;D;181026;000000;1590.0000000;380
MGTSP;D;181029;000000;1590.0000000;750
MGTSP;D;181030;000000;1600.0000000;320
MGTSP;D;181031;000000;1605.0000000;220
MGTSP;D;181101;000000;1604.0000000;200
MGTSP;D;181102;000000;1618.0000000;543
MGTSP;D;181106;000000;1600.0000000;711
MGTSP;D;181107;000000;1614.0000000;245
MGTSP;D;181108;000000;1614.0000000;1157
MGTSP;D;181109;000000;1600.0000000;275
MGTSP;D;181112;000000;1606.0000000;243
MGTSP;D;181113;000000;1592.0000000;109
MGTSP;D;181114;000000;1602.0000000;232
MGTSP;D;181115;000000;1592.0000000;341
MGTSP;D;181116;000000;1592.0000000;307
MGTSP;D;181119;000000;1596.0000000;165
MGTSP;D;181120;000000;1590.0000000;479
MGTSP;D;181121;000000;1590.0000000;241
MGTSP;D;181122;000000;1592.0000000;308
MGTSP;D;181123;000000;1580.0000000;196
MGTSP;D;181126;000000;1586.0000000;577
MGTSP;D;181127;000000;1584.0000000;330
MGTSP;D;181128;000000;1618.0000000;1044
MGTSP;D;181129;000000;1612.0000000;196
MGTSP;D;181130;000000;1600.0000000;476
MGTSP;D;181203;000000;1600.0000000;1353
MGTSP;D;181204;000000;1632.0000000;678
MGTSP;D;181205;000000;1638.0000000;385
MGTSP;D;181206;000000;1630.0000000;116
MGTSP;D;181207;000000;1652.0000000;389
MGTSP;D;181210;000000;1632.0000000;332
MGTSP;D;181211;000000;1616.0000000;434
MGTSP;D;181212;000000;1608.0000000;793
MGTSP;D;181213;000000;1612.0000000;348
MGTSP;D;181214;000000;1606.0000000;295
MGTSP;D;181217;000000;1610.0000000;200
MGTSP;D;181218;000000;1626.0000000;244
MGTSP;D;181219;000000;1624.0000000;183
MGTSP;D;181220;000000;1610.0000000;387
MGTSP;D;181221;000000;1618.0000000;129
MGTSP;D;181224;000000;1610.0000000;496
MGTSP;D;181225;000000;1604.0000000;899
MGTSP;D;181226;000000;1592.0000000;1008
MGTSP;D;181227;000000;1600.0000000;284
MGTSP;D;181228;000000;1602.0000000;346
MGTSP;D;181229;000000;1618.0000000;123
MGTSP;D;190103;000000;1624.0000000;147
MGTSP;D;190104;000000;1626.0000000;34
MGTSP;D;190108;000000;1632.0000000;219
MGTSP;D;190109;000000;1632.0000000;412
MGTSP;D;190110;000000;1642.0000000;741
MGTSP;D;190111;000000;1660.0000000;440
MGTSP;D;190114;000000;1680.0000000;1228
MGTSP;D;190115;000000;1736.0000000;1240
MGTSP;D;190116;000000;1766.0000000;1551
MGTSP;D;190117;000000;1750.0000000;1461
MGTSP;D;190118;000000;1770.0000000;1542
MGTSP;D;190121;000000;1774.0000000;347
MGTSP;D;190122;000000;1850.0000000;1342
MGTSP;D;190123;000000;1832.0000000;1476
MGTSP;D;190124;000000;1842.0000000;1355
MGTSP;D;190125;000000;1834.0000000;546
MGTSP;D;190128;000000;1836.0000000;936
MGTSP;D;190129;000000;1842.0000000;234
MGTSP;D;190130;000000;1846.0000000;223
MGTSP;D;190131;000000;1820.0000000;718
MGTSP;D;190201;000000;1818.0000000;505
MGTSP;D;190204;000000;1820.0000000;466
MGTSP;D;190205;000000;1812.0000000;810
MGTSP;D;190206;000000;1808.0000000;462
MGTSP;D;190207;000000;1806.0000000;296
MGTSP;D;190208;000000;1784.0000000;566
MGTSP;D;190211;000000;1800.0000000;428
MGTSP;D;190212;000000;1810.0000000;284
MGTSP;D;190213;000000;1804.0000000;125
MGTSP;D;190214;000000;1804.0000000;651
MGTSP;D;190215;000000;1808.0000000;391
MGTSP;D;190218;000000;1810.0000000;485
MGTSP;D;190219;000000;1812.0000000;314
MGTSP;D;190220;000000;1820.0000000;115
MGTSP;D;190221;000000;1808.0000000;300
MGTSP;D;190222;000000;1800.0000000;155
MGTSP;D;190225;000000;1800.0000000;284
MGTSP;D;190226;000000;1794.0000000;297
MGTSP;D;190227;000000;1794.0000000;63
MGTSP;D;190228;000000;1800.0000000;203
MGTSP;D;190301;000000;1800.0000000;99
MGTSP;D;190304;000000;1802.0000000;245
MGTSP;D;190305;000000;1794.0000000;326
MGTSP;D;190306;000000;1780.0000000;1000
MGTSP;D;190307;000000;1792.0000000;137
MGTSP;D;190311;000000;1780.0000000;255
MGTSP;D;190312;000000;1780.0000000;612
MGTSP;D;190313;000000;1782.0000000;264
MGTSP;D;190314;000000;1782.0000000;294
MGTSP;D;190315;000000;1760.0000000;930
MGTSP;D;190318;000000;1774.0000000;211
MGTSP;D;190319;000000;1758.0000000;320
MGTSP;D;190320;000000;1752.0000000;516
MGTSP;D;190321;000000;1762.0000000;390
MGTSP;D;190322;000000;1762.0000000;224
MGTSP;D;190325;000000;1774.0000000;226
MGTSP;D;190326;000000;1780.0000000;117
MGTSP;D;190327;000000;1788.0000000;478
MGTSP;D;190328;000000;1806.0000000;544
MGTSP;D;190329;000000;1798.0000000;641
MGTSP;D;190401;000000;1798.0000000;174
MGTSP;D;190402;000000;1812.0000000;671
MGTSP;D;190403;000000;1858.0000000;2212
MGTSP;D;190404;000000;1850.0000000;787
MGTSP;D;190405;000000;1854.0000000;369
MGTSP;D;190408;000000;1878.0000000;1244
MGTSP;D;190409;000000;1882.0000000;1139
MGTSP;D;190410;000000;1876.0000000;617
MGTSP;D;190411;000000;1878.0000000;823
MGTSP;D;190412;000000;1892.0000000;1064
MGTSP;D;190415;000000;1894.0000000;808
MGTSP;D;190416;000000;1892.0000000;1014
MGTSP;D;190417;000000;1908.0000000;660
MGTSP;D;190418;000000;1908.0000000;594
MGTSP;D;190419;000000;1900.0000000;264
MGTSP;D;190422;000000;1902.0000000;523
MGTSP;D;190423;000000;1880.0000000;689
MGTSP;D;190424;000000;1880.0000000;197
MGTSP;D;190425;000000;1884.0000000;302
MGTSP;D;190426;000000;1898.0000000;176
MGTSP;D;190429;000000;1916.0000000;832
MGTSP;D;190430;000000;1914.0000000;843
MGTSP;D;190502;000000;1918.0000000;570
MGTSP;D;190503;000000;1920.0000000;393
MGTSP;D;190506;000000;1918.0000000;1267
MGTSP;D;190507;000000;1932.0000000;824
MGTSP;D;190508;000000;1946.0000000;783
MGTSP;D;190510;000000;1912.0000000;619
MGTSP;D;190513;000000;1926.0000000;2091
MGTSP;D;190514;000000;1944.0000000;657
MGTSP;D;190515;000000;1956.0000000;700
MGTSP;D;190516;000000;1960.0000000;1084
MGTSP;D;190517;000000;1960.0000000;601
MGTSP;D;190520;000000;1974.0000000;1041
MGTSP;D;190521;000000;1976.0000000;557
MGTSP;D;190522;000000;1972.0000000;750
MGTSP;D;190523;000000;1972.0000000;749
MGTSP;D;190524;000000;1974.0000000;1949
MGTSP;D;190527;000000;1966.0000000;946
MGTSP;D;190528;000000;1960.0000000;753
MGTSP;D;190529;000000;1972.0000000;937
MGTSP;D;190530;000000;1956.0000000;1156
MGTSP;D;190531;000000;1952.0000000;607
MGTSP;D;190603;000000;1952.0000000;1556
MGTSP;D;190604;000000;1948.0000000;755
MGTSP;D;190605;000000;1934.0000000;4341
MGTSP;D;190606;000000;1940.0000000;902
MGTSP;D;190607;000000;1938.0000000;708
MGTSP;D;190610;000000;1922.0000000;1125
MGTSP;D;190611;000000;1920.0000000;3452
MGTSP;D;190613;000000;1956.0000000;3284
MGTSP;D;190614;000000;1986.0000000;1049
MGTSP;D;190617;000000;2004.0000000;1388
MGTSP;D;190618;000000;2016.0000000;1435
MGTSP;D;190619;000000;2026.0000000;785
MGTSP;D;190620;000000;2042.0000000;1222
MGTSP;D;190621;000000;2074.0000000;2156
MGTSP;D;190624;000000;2066.0000000;1789
MGTSP;D;190625;000000;2050.0000000;2341
MGTSP;D;190626;000000;2042.0000000;1086
MGTSP;D;190627;000000;2026.0000000;1457
MGTSP;D;190628;000000;2030.0000000;1939
MGTSP;D;190701;000000;2052.0000000;1705
MGTSP;D;190702;000000;2044.0000000;1858
MGTSP;D;190703;000000;2034.0000000;808
MGTSP;D;190704;000000;2042.0000000;2205
MGTSP;D;190705;000000;2046.0000000;2884
MGTSP;D;190708;000000;2036.0000000;7403
MGTSP;D;190709;000000;2034.0000000;19364
MGTSP;D;190710;000000;1766.0000000;21133
MGTSP;D;190711;000000;1732.0000000;7026
MGTSP;D;190712;000000;1734.0000000;4566
MGTSP;D;190715;000000;1726.0000000;2582
MGTSP;D;190716;000000;1708.0000000;2617
MGTSP;D;190717;000000;1716.0000000;976
MGTSP;D;190718;000000;1774.0000000;1552
MGTSP;D;190719;000000;1750.0000000;1902
MGTSP;D;190722;000000;1762.0000000;979
MGTSP;D;190723;000000;1766.0000000;1207
MGTSP;D;190724;000000;1768.0000000;1819
MGTSP;D;190725;000000;1764.0000000;960
MGTSP;D;190726;000000;1760.0000000;898
MGTSP;D;190729;000000;1728.0000000;1320
MGTSP;D;190730;000000;1744.0000000;833
MGTSP;D;190731;000000;1754.0000000;911
MGTSP;D;190801;000000;1740.0000000;624
MGTSP;D;190802;000000;1720.0000000;1513
MGTSP;D;190805;000000;1734.0000000;858
MGTSP;D;190806;000000;1726.0000000;1072
MGTSP;D;190807;000000;1724.0000000;1656
MGTSP;D;190808;000000;1728.0000000;1433
MGTSP;D;190809;000000;1730.0000000;1238
MGTSP;D;190812;000000;1722.0000000;1925
MGTSP;D;190813;000000;1714.0000000;1010
MGTSP;D;190814;000000;1720.0000000;668
MGTSP;D;190815;000000;1716.0000000;607
MGTSP;D;190816;000000;1684.0000000;6124
MGTSP;D;190819;000000;1702.0000000;921
MGTSP;D;190820;000000;1698.0000000;730
MGTSP;D;190821;000000;1714.0000000;1848
MGTSP;D;190822;000000;1722.0000000;530
MGTSP;D;190823;000000;1722.0000000;500
MGTSP;D;190826;000000;1728.0000000;1066
MGTSP;D;190827;000000;1716.0000000;361
MGTSP;D;190828;000000;1726.0000000;693
MGTSP;D;190829;000000;1740.0000000;643
MGTSP;D;190830;000000;1756.0000000;2450
MGTSP;D;190902;000000;1780.0000000;1640
MGTSP;D;190903;000000;1770.0000000;1624
MGTSP;D;190904;000000;1780.0000000;733
MGTSP;D;190905;000000;1808.0000000;2885
MGTSP;D;190906;000000;1818.0000000;1672
MGTSP;D;190909;000000;1860.0000000;4188
MGTSP;D;190910;000000;1838.0000000;1308
MGTSP;D;190911;000000;1844.0000000;875
MGTSP;D;190912;000000;1844.0000000;459
MGTSP;D;190913;000000;1842.0000000;232
MGTSP;D;190916;000000;1830.0000000;502
MGTSP;D;190917;000000;1804.0000000;2633
MGTSP;D;190918;000000;1804.0000000;751
MGTSP;D;190919;000000;1790.0000000;286
MGTSP;D;190920;000000;1756.0000000;1973
MGTSP;D;190923;000000;1770.0000000;875
MGTSP;D;190924;000000;1772.0000000;686
MGTSP;D;190925;000000;1770.0000000;366
MGTSP;D;190926;000000;1770.0000000;389
MGTSP;D;190927;000000;1776.0000000;440
MGTSP;D;190930;000000;1774.0000000;293
MGTSP;D;191001;000000;1774.0000000;235
MGTSP;D;191002;000000;1760.0000000;1143
MGTSP;D;191003;000000;1756.0000000;901
MGTSP;D;191004;000000;1760.0000000;307
MGTSP;D;191007;000000;1772.0000000;333
MGTSP;D;191008;000000;1768.0000000;265
MGTSP;D;191009;000000;1774.0000000;539
MGTSP;D;191010;000000;1780.0000000;271
MGTSP;D;191011;000000;1764.0000000;669
MGTSP;D;191014;000000;1778.0000000;422
MGTSP;D;191015;000000;1768.0000000;777
MGTSP;D;191016;000000;1770.0000000;1090
MGTSP;D;191017;000000;1778.0000000;217
MGTSP;D;191018;000000;1784.0000000;1061
MGTSP;D;191021;000000;1790.0000000;507
MGTSP;D;191022;000000;1804.0000000;786
MGTSP;D;191023;000000;1816.0000000;759
MGTSP;D;191024;000000;1828.0000000;502
MGTSP;D;191025;000000;1848.0000000;2631
MGTSP;D;191028;000000;1828.0000000;1237
MGTSP;D;191029;000000;1830.0000000;1034
MGTSP;D;191030;000000;1846.0000000;1680
MGTSP;D;191031;000000;1840.0000000;1066
MGTSP;D;191101;000000;1844.0000000;998
MGTSP;D;191105;000000;1830.0000000;2065
MGTSP;D;191106;000000;1836.0000000;1176
MGTSP;D;191107;000000;1842.0000000;1212
MGTSP;D;191108;000000;1840.0000000;1076
MGTSP;D;191111;000000;1848.0000000;585
MGTSP;D;191112;000000;1850.0000000;854
MGTSP;D;191113;000000;1832.0000000;1281
MGTSP;D;191114;000000;1832.0000000;1032
MGTSP;D;191115;000000;1846.0000000;912
MGTSP;D;191118;000000;1848.0000000;1899
MGTSP;D;191119;000000;1840.0000000;576
MGTSP;D;191120;000000;1852.0000000;2425
MGTSP;D;191121;000000;1842.0000000;412
MGTSP;D;191122;000000;1850.0000000;305
MGTSP;D;191125;000000;1852.0000000;462
MGTSP;D;191126;000000;1856.0000000;963
MGTSP;D;191127;000000;1868.0000000;2165
MGTSP;D;191128;000000;1874.0000000;790
MGTSP;D;191129;000000;1874.0000000;831
MGTSP;D;191202;000000;1880.0000000;859
MGTSP;D;191203;000000;1872.0000000;1038
MGTSP;D;191204;000000;1876.0000000;606
MGTSP;D;191205;000000;1876.0000000;1244
MGTSP;D;191206;000000;1882.0000000;487
MGTSP;D;191209;000000;1870.0000000;3058
MGTSP;D;191210;000000;1838.0000000;3113
MGTSP;D;191211;000000;1846.0000000;1963
MGTSP;D;191212;000000;1848.0000000;1091
MGTSP;D;191213;000000;1842.0000000;1373
MGTSP;D;191216;000000;1856.0000000;807
MGTSP;D;191217;000000;1866.0000000;818
MGTSP;D;191218;000000;1868.0000000;1505
MGTSP;D;191219;000000;1860.0000000;991
MGTSP;D;191220;000000;1874.0000000;774
MGTSP;D;191223;000000;1872.0000000;883
MGTSP;D;191224;000000;1878.0000000;1395
MGTSP;D;191225;000000;1882.0000000;1072
MGTSP;D;191226;000000;1890.0000000;1124
MGTSP;D;191227;000000;1900.0000000;1915
MGTSP;D;191230;000000;1930.0000000;2021
MGTSP;D;200103;000000;1948.0000000;1030
MGTSP;D;200106;000000;1954.0000000;1355
MGTSP;D;200108;000000;1944.0000000;671
MGTSP;D;200109;000000;1964.0000000;1739
MGTSP;D;200110;000000;1990.0000000;2705
MGTSP;D;200113;000000;2014.0000000;2789
MGTSP;D;200114;000000;2016.0000000;2346
MGTSP;D;200115;000000;2030.0000000;2368
MGTSP;D;200116;000000;2044.0000000;1095
MGTSP;D;200117;000000;2046.0000000;1356
MGTSP;D;200120;000000;2076.0000000;2111
MGTSP;D;200121;000000;2092.0000000;1816
MGTSP;D;200122;000000;2050.0000000;3444
MGTSP;D;200123;000000;2052.0000000;4129
MGTSP;D;200124;000000;2164.0000000;23049
MGTSP;D;200127;000000;2088.0000000;8265
MGTSP;D;200128;000000;2172.0000000;3957
MGTSP;D;200129;000000;2258.0000000;11394
MGTSP;D;200130;000000;2238.0000000;3166
MGTSP;D;200131;000000;2242.0000000;2807
MGTSP;D;200203;000000;2298.0000000;3879
MGTSP;D;200204;000000;2294.0000000;4309
MGTSP;D;200205;000000;2310.0000000;5287
MGTSP;D;200206;000000;2380.0000000;2949
MGTSP;D;200207;000000;2334.0000000;7467
MGTSP;D;200210;000000;2420.0000000;4697
MGTSP;D;200211;000000;2496.0000000;5363
MGTSP;D;200212;000000;2546.0000000;4528
MGTSP;D;200213;000000;2540.0000000;5775
MGTSP;D;200214;000000;2556.0000000;3495
MGTSP;D;200217;000000;2594.0000000;8110
MGTSP;D;200218;000000;2584.0000000;11057
MGTSP;D;200219;000000;2550.0000000;5814
MGTSP;D;200220;000000;2570.0000000;4791
MGTSP;D;200221;000000;2556.0000000;2219
MGTSP;D;200225;000000;2452.0000000;6403
MGTSP;D;200226;000000;2450.0000000;9968
MGTSP;D;200227;000000;2304.0000000;5740
MGTSP;D;200228;000000;2184.0000000;7235
MGTSP;D;200302;000000;2286.0000000;5424
MGTSP;D;200303;000000;2376.0000000;3337
MGTSP;D;200304;000000;2400.0000000;1369
MGTSP;D;200305;000000;2372.0000000;2962
MGTSP;D;200306;000000;2342.0000000;2722
MGTSP;D;200310;000000;2242.0000000;4054
MGTSP;D;200311;000000;2300.0000000;1485
MGTSP;D;200312;000000;2076.0000000;6998
MGTSP;D;200313;000000;2134.0000000;3404
MGTSP;D;200316;000000;2020.0000000;4233
MGTSP;D;200317;000000;2016.0000000;2864
MGTSP;D;200318;000000;1988.0000000;2218
MGTSP;D;200319;000000;2032.0000000;3610
MGTSP;D;200320;000000;2112.0000000;2706
MGTSP;D;200323;000000;2098.0000000;1305
MGTSP;D;200324;000000;2128.0000000;1825
MGTSP;D;200325;000000;2130.0000000;3407
MGTSP;D;200326;000000;2170.0000000;1443
MGTSP;D;200327;000000;2182.0000000;1185
MGTSP;D;200330;000000;2182.0000000;2223
MGTSP;D;200331;000000;2206.0000000;2074
MGTSP;D;200401;000000;2180.0000000;1588
MGTSP;D;200402;000000;2198.0000000;3142
MGTSP;D;200403;000000;2216.0000000;2229
MGTSP;D;200406;000000;2236.0000000;2320
MGTSP;D;200407;000000;2266.0000000;3322
MGTSP;D;200408;000000;2256.0000000;1452
MGTSP;D;200409;000000;2314.0000000;4308
MGTSP;D;200410;000000;2300.0000000;1947
MGTSP;D;200413;000000;2272.0000000;2139
MGTSP;D;200414;000000;2282.0000000;1002
MGTSP;D;200415;000000;2200.0000000;2573
MGTSP;D;200416;000000;2192.0000000;2389
MGTSP;D;200417;000000;2198.0000000;1747
MGTSP;D;200420;000000;2182.0000000;2679
MGTSP;D;200421;000000;2100.0000000;5185
MGTSP;D;200422;000000;2158.0000000;4898
MGTSP;D;200423;000000;2184.0000000;2199
MGTSP;D;200424;000000;2276.0000000;16091
MGTSP;D;200427;000000;2328.0000000;6788
MGTSP;D;200428;000000;2398.0000000;5781
MGTSP;D;200429;000000;2390.0000000;3199
MGTSP;D;200430;000000;2366.0000000;5103
MGTSP;D;200504;000000;2342.0000000;2149
MGTSP;D;200505;000000;2382.0000000;1881
MGTSP;D;200506;000000;2454.0000000;8673
MGTSP;D;200507;000000;2458.0000000;2347
MGTSP;D;200508;000000;2480.0000000;2712
MGTSP;D;200512;000000;2508.0000000;2450
MGTSP;D;200513;000000;2502.0000000;1909
MGTSP;D;200514;000000;2462.0000000;2318
MGTSP;D;200515;000000;2056.0000000;25930
MGTSP;D;200518;000000;2058.0000000;23115
MGTSP;D;200519;000000;2182.0000000;17212
MGTSP;D;200520;000000;2204.0000000;11449
MGTSP;D;200521;000000;2174.0000000;4812
MGTSP;D;200522;000000;2166.0000000;2234
MGTSP;D;200525;000000;2154.0000000;2136
MGTSP;D;200526;000000;2138.0000000;3863
MGTSP;D;200527;000000;2082.0000000;5411
MGTSP;D;200528;000000;2072.0000000;5272
MGTSP;D;200529;000000;2078.0000000;2656
MGTSP;D;200601;000000;2062.0000000;2501
MGTSP;D;200602;000000;2092.0000000;2190
MGTSP;D;200603;000000;2072.0000000;2919
MGTSP;D;200604;000000;2060.0000000;2555
MGTSP;D;200605;000000;2050.0000000;3382
MGTSP;D;200608;000000;2030.0000000;2482
MGTSP;D;200609;000000;2020.0000000;1526
MGTSP;D;200610;000000;2008.0000000;1777
MGTSP;D;200611;000000;2040.0000000;2726
MGTSP;D;200615;000000;2012.0000000;1737
MGTSP;D;200616;000000;2038.0000000;1488
MGTSP;D;200617;000000;2022.0000000;1140
MGTSP;D;200618;000000;2028.0000000;904
MGTSP;D;200619;000000;2030.0000000;1324
MGTSP;D;200622;000000;2028.0000000;1760
MGTSP;D;200623;000000;2018.0000000;2382
MGTSP;D;200625;000000;2006.0000000;1966
MGTSP;D;200626;000000;2006.0000000;1148
MGTSP;D;200629;000000;2000.0000000;2378
MGTSP;D;200630;000000;1988.0000000;1521
MGTSP;D;200702;000000;2000.0000000;1121
MGTSP;D;200703;000000;2022.0000000;878
MGTSP;D;200706;000000;2008.0000000;1468
MGTSP;D;200707;000000;2010.0000000;2170
MGTSP;D;200708;000000;2000.0000000;1511
MGTSP;D;200709;000000;1994.0000000;855
MGTSP;D;200710;000000;1986.0000000;1132
MGTSP;D;200713;000000;1982.0000000;866
MGTSP;D;200714;000000;1980.0000000;1607
MGTSP;D;200715;000000;1996.0000000;952
MGTSP;D;200716;000000;1996.0000000;849
MGTSP;D;200717;000000;2000.0000000;693
MGTSP;D;200720;000000;1992.0000000;853
MGTSP;D;200721;000000;1998.0000000;1671
MGTSP;D;200722;000000;1990.0000000;1451
MGTSP;D;200723;000000;1990.0000000;1258
MGTSP;D;200724;000000;1982.0000000;703
MGTSP;D;200727;000000;1980.0000000;1581
MGTSP;D;200728;000000;1976.0000000;1016
MGTSP;D;200729;000000;1976.0000000;2693
MGTSP;D;200730;000000;1980.0000000;1753
MGTSP;D;200731;000000;1996.0000000;1215
MGTSP;D;200803;000000;1996.0000000;976
MGTSP;D;200804;000000;1996.0000000;917
MGTSP;D;200805;000000;1996.0000000;2430
MGTSP;D;200806;000000;2040.0000000;2897
MGTSP;D;200807;000000;2030.0000000;1215
MGTSP;D;200810;000000;2030.0000000;1386
MGTSP;D;200811;000000;2034.0000000;2200
MGTSP;D;200812;000000;2034.0000000;2259
MGTSP;D;200813;000000;2066.0000000;3610
MGTSP;D;200814;000000;2062.0000000;1211
MGTSP;D;200817;000000;2050.0000000;2706
MGTSP;D;200818;000000;2044.0000000;830
MGTSP;D;200819;000000;2048.0000000;1239
MGTSP;D;200820;000000;2038.0000000;1638
MGTSP;D;200821;000000;2004.0000000;2530
MGTSP;D;200824;000000;2026.0000000;1428
MGTSP;D;200825;000000;2044.0000000;2405
MGTSP;D;200826;000000;2026.0000000;2308
MGTSP;D;200827;000000;2034.0000000;1287
MGTSP;D;200828;000000;2022.0000000;698
MGTSP;D;200831;000000;2008.0000000;973
MGTSP;D;200901;000000;2008.0000000;1549
MGTSP;D;200902;000000;2000.0000000;1975
MGTSP;D;200903;000000;1970.0000000;1584
MGTSP;D;200904;000000;1978.0000000;977
MGTSP;D;200907;000000;1982.0000000;658
MGTSP;D;200908;000000;1984.0000000;2460
MGTSP;D;200909;000000;1984.0000000;641
MGTSP;D;200910;000000;1978.0000000;875
MGTSP;D;200911;000000;1990.0000000;349
MGTSP;D;200914;000000;1990.0000000;1177
MGTSP;D;200915;000000;1994.0000000;429
MGTSP;D;200916;000000;1990.0000000;527
MGTSP;D;200917;000000;1992.0000000;1029
MGTSP;D;200918;000000;1986.0000000;1154
MGTSP;D;200921;000000;1966.0000000;1135
MGTSP;D;200922;000000;1966.0000000;467
MGTSP;D;200923;000000;1968.0000000;934
MGTSP;D;200924;000000;1948.0000000;1223
MGTSP;D;200925;000000;1946.0000000;488
MGTSP;D;200928;000000;1934.0000000;1008
MGTSP;D;200929;000000;1922.0000000;1221
MGTSP;D;200930;000000;1930.0000000;682
MGTSP;D;201001;000000;1912.0000000;612
MGTSP;D;201002;000000;1932.0000000;1219
MGTSP;D;201005;000000;1914.0000000;1322
MGTSP;D;201006;000000;1922.0000000;565
MGTSP;D;201007;000000;1914.0000000;493
MGTSP;D;201008;000000;1916.0000000;612
MGTSP;D;201009;000000;1894.0000000;1019
MGTSP;D;201012;000000;1906.0000000;1013
MGTSP;D;201013;000000;1896.0000000;517
MGTSP;D;201014;000000;1894.0000000;458
MGTSP;D;201015;000000;1864.0000000;2443
MGTSP;D;201016;000000;1848.0000000;632
MGTSP;D;201019;000000;1826.0000000;1091
MGTSP;D;201020;000000;1810.0000000;1187
MGTSP;D;201021;000000;1812.0000000;896
MGTSP;D;201022;000000;1824.0000000;1130
MGTSP;D;201023;000000;1832.0000000;763
MGTSP;D;201026;000000;1832.0000000;765
MGTSP;D;201027;000000;1818.0000000;456
MGTSP;D;201028;000000;1796.0000000;1910
MGTSP;D;201029;000000;1790.0000000;565
MGTSP;D;201030;000000;1796.0000000;690
MGTSP;D;201102;000000;1778.0000000;1093
MGTSP;D;201103;000000;1798.0000000;786
MGTSP;D;201105;000000;1796.0000000;1384
MGTSP;D;201106;000000;1798.0000000;747
MGTSP;D;201109;000000;1838.0000000;2811
MGTSP;D;201110;000000;1904.0000000;2963
MGTSP;D;201111;000000;1882.0000000;2735
MGTSP;D;201112;000000;1872.0000000;1713
MGTSP;D;201113;000000;1888.0000000;788
MGTSP;D;201116;000000;1900.0000000;1698
MGTSP;D;201117;000000;1894.0000000;998
MGTSP;D;201118;000000;1900.0000000;670
MGTSP;D;201119;000000;1902.0000000;625
MGTSP;D;201120;000000;1900.0000000;1144
MGTSP;D;201123;000000;1924.0000000;2906
MGTSP;D;201124;000000;1912.0000000;1322
MGTSP;D;201125;000000;1922.0000000;1208
MGTSP;D;201126;000000;1926.0000000;1502
MGTSP;D;201127;000000;1924.0000000;3770
MGTSP;D;201130;000000;1902.0000000;857
MGTSP;D;201201;000000;1910.0000000;1837
MGTSP;D;201202;000000;1898.0000000;2173
MGTSP;D;201203;000000;1896.0000000;970
MGTSP;D;201204;000000;1876.0000000;2048
MGTSP;D;201207;000000;1870.0000000;1395
MGTSP;D;201208;000000;1870.0000000;864
MGTSP;D;201209;000000;1878.0000000;919
MGTSP;D;201210;000000;1874.0000000;678
MGTSP;D;201211;000000;1870.0000000;1014
MGTSP;D;201214;000000;1862.0000000;1535
MGTSP;D;201215;000000;1872.0000000;1553
MGTSP;D;201216;000000;1880.0000000;1002
MGTSP;D;201217;000000;1874.0000000;712
MGTSP;D;201218;000000;1870.0000000;515
MGTSP;D;201221;000000;1842.0000000;2645
MGTSP;D;201222;000000;1856.0000000;1237
MGTSP;D;201223;000000;1856.0000000;1794
MGTSP;D;201224;000000;1850.0000000;938
MGTSP;D;201225;000000;1866.0000000;959
MGTSP;D;201228;000000;1866.0000000;2030
MGTSP;D;201229;000000;1872.0000000;1546
MGTSP;D;201230;000000;1876.0000000;2411
MGTSP;D;210104;000000;1894.0000000;1034
MGTSP;D;210105;000000;1918.0000000;776
MGTSP;D;210106;000000;1910.0000000;1447
MGTSP;D;210108;000000;1992.0000000;3311
MGTSP;D;210111;000000;2032.0000000;5983
MGTSP;D;210112;000000;2026.0000000;2902
MGTSP;D;210113;000000;2030.0000000;1486
MGTSP;D;210114;000000;2024.0000000;630
MGTSP;D;210115;000000;2006.0000000;1055
MGTSP;D;210118;000000;2020.0000000;923
MGTSP;D;210119;000000;2010.0000000;1452
MGTSP;D;210120;000000;2004.0000000;721
MGTSP;D;210121;000000;1980.0000000;1528
MGTSP;D;210122;000000;1964.0000000;1179
MGTSP;D;210125;000000;1996.0000000;1203
MGTSP;D;210126;000000;1982.0000000;671
MGTSP;D;210127;000000;1980.0000000;947
MGTSP;D;210128;000000;1964.0000000;1794
MGTSP;D;210129;000000;1958.0000000;844
MGTSP;D;210201;000000;1960.0000000;1483
MGTSP;D;210202;000000;1962.0000000;1285
MGTSP;D;210203;000000;1960.0000000;1163
MGTSP;D;210204;000000;1964.0000000;1429
MGTSP;D;210205;000000;1960.0000000;899
MGTSP;D;210208;000000;1972.0000000;867
MGTSP;D;210209;000000;1978.0000000;936
MGTSP;D;210210;000000;1968.0000000;1317
MGTSP;D;210211;000000;1970.0000000;1513
MGTSP;D;210212;000000;1950.0000000;1069
MGTSP;D;210215;000000;1958.0000000;1470
MGTSP;D;210216;000000;1968.0000000;992
MGTSP;D;210217;000000;1946.0000000;1238
MGTSP;D;210218;000000;1934.0000000;1143
MGTSP;D;210219;000000;1942.0000000;647
MGTSP;D;210220;000000;1948.0000000;402
MGTSP;D;210222;000000;1944.0000000;491
MGTSP;D;210224;000000;1940.0000000;615
MGTSP;D;210225;000000;1938.0000000;508
MGTSP;D;210226;000000;1932.0000000;603
MGTSP;D;210301;000000;1932.0000000;901
MGTSP;D;210302;000000;1938.0000000;1046
MGTSP;D;210303;000000;1944.0000000;622
MGTSP;D;210304;000000;1946.0000000;497
MGTSP;D;210305;000000;1936.0000000;455
MGTSP;D;210309;000000;1940.0000000;3769
MGTSP;D;210310;000000;1950.0000000;1205
MGTSP;D;210311;000000;1958.0000000;542
MGTSP;D;210312;000000;1956.0000000;653
MGTSP;D;210315;000000;1954.0000000;1345
MGTSP;D;210316;000000;1946.0000000;777
MGTSP;D;210317;000000;1944.0000000;669
MGTSP;D;210318;000000;1934.0000000;546
MGTSP;D;210319;000000;1942.0000000;848
MGTSP;D;210322;000000;1940.0000000;570
MGTSP;D;210323;000000;1928.0000000;1555
MGTSP;D;210324;000000;1922.0000000;745
MGTSP;D;210325;000000;1922.0000000;1057
MGTSP;D;210326;000000;1926.0000000;656
MGTSP;D;210329;000000;1924.0000000;2439
MGTSP;D;210330;000000;1940.0000000;1564
MGTSP;D;210331;000000;1952.0000000;1074
MGTSP;D;210401;000000;1954.0000000;972
MGTSP;D;210402;000000;1958.0000000;433
MGTSP;D;210405;000000;1944.0000000;727
MGTSP;D;210406;000000;1922.0000000;2054
MGTSP;D;210407;000000;1942.0000000;1341
MGTSP;D;210408;000000;1952.0000000;2657
MGTSP;D;210409;000000;1944.0000000;826
MGTSP;D;210412;000000;1940.0000000;2151
MGTSP;D;210413;000000;1940.0000000;1197
MGTSP;D;210414;000000;1940.0000000;829
MGTSP;D;210415;000000;1944.0000000;581
MGTSP;D;210416;000000;1948.0000000;1269
MGTSP;D;210419;000000;1938.0000000;1185
MGTSP;D;210420;000000;1940.0000000;647
MGTSP;D;210421;000000;1934.0000000;878
MGTSP;D;210422;000000;1932.0000000;445
MGTSP;D;210423;000000;1938.0000000;841
MGTSP;D;210426;000000;1944.0000000;650
MGTSP;D;210427;000000;1950.0000000;590
MGTSP;D;210428;000000;1936.0000000;744
MGTSP;D;210429;000000;1940.0000000;802
MGTSP;D;210430;000000;1936.0000000;423
MGTSP;D;210504;000000;1936.0000000;599
MGTSP;D;210505;000000;1936.0000000;1162
MGTSP;D;210506;000000;1938.0000000;393
MGTSP;D;210507;000000;1938.0000000;1521
MGTSP;D;210510;000000;1942.0000000;1173
MGTSP;D;210511;000000;1944.0000000;1107
MGTSP;D;210512;000000;1946.0000000;1034
MGTSP;D;210513;000000;1970.0000000;3031
MGTSP;D;210514;000000;1954.0000000;4456
MGTSP;D;210517;000000;1786.0000000;21220
MGTSP;D;210518;000000;1728.0000000;17874
MGTSP;D;210519;000000;1700.0000000;9497
MGTSP;D;210520;000000;1678.0000000;3246
MGTSP;D;210521;000000;1662.0000000;4067
MGTSP;D;210524;000000;1680.0000000;3528
MGTSP;D;210525;000000;1666.0000000;2268
MGTSP;D;210526;000000;1698.0000000;2438
MGTSP;D;210527;000000;1666.0000000;2066
MGTSP;D;210528;000000;1650.0000000;1912
MGTSP;D;210531;000000;1644.0000000;1614
MGTSP;D;210601;000000;1624.0000000;6603
MGTSP;D;210602;000000;1628.0000000;3209
MGTSP;D;210603;000000;1622.0000000;1499
MGTSP;D;210604;000000;1606.0000000;3496
MGTSP;D;210607;000000;1582.0000000;4301
MGTSP;D;210608;000000;1588.0000000;3209
MGTSP;D;210609;000000;1550.0000000;4120
MGTSP;D;210610;000000;1528.0000000;3613
MGTSP;D;210611;000000;1500.0000000;7786
MGTSP;D;210614;000000;1500.0000000;2682
MGTSP;D;210615;000000;1496.0000000;2203
MGTSP;D;210616;000000;1478.0000000;2014
MGTSP;D;210617;000000;1430.0000000;2764
MGTSP;D;210618;000000;1402.0000000;4583
MGTSP;D;210621;000000;1518.0000000;7667
MGTSP;D;210622;000000;1480.0000000;3296
MGTSP;D;210623;000000;1470.0000000;1894
MGTSP;D;210624;000000;1482.0000000;3955
MGTSP;D;210625;000000;1466.0000000;1052
MGTSP;D;210628;000000;1472.0000000;1099
MGTSP;D;210629;000000;1466.0000000;851
MGTSP;D;210630;000000;1462.0000000;582
MGTSP;D;210701;000000;1468.0000000;1770
MGTSP;D;210702;000000;1444.0000000;1914
MGTSP;D;210705;000000;1454.0000000;601
MGTSP;D;210706;000000;1454.0000000;1200
MGTSP;D;210707;000000;1442.0000000;772
MGTSP;D;210708;000000;1442.0000000;1205
MGTSP;D;210709;000000;1430.0000000;3185
MGTSP;D;210712;000000;1424.0000000;833
MGTSP;D;210713;000000;1440.0000000;752
MGTSP;D;210714;000000;1430.0000000;445
MGTSP;D;210715;000000;1412.0000000;2223
MGTSP;D;210716;000000;1406.0000000;1691
MGTSP;D;210719;000000;1382.0000000;2376
MGTSP;D;210720;000000;1380.0000000;1263
MGTSP;D;210721;000000;1374.0000000;1277
MGTSP;D;210722;000000;1378.0000000;1279
MGTSP;D;210723;000000;1378.0000000;1032
MGTSP;D;210726;000000;1376.0000000;1018
MGTSP;D;210727;000000;1386.0000000;1526
MGTSP;D;210728;000000;1380.0000000;650
MGTSP;D;210729;000000;1388.0000000;629
MGTSP;D;210730;000000;1386.0000000;876
MGTSP;D;210802;000000;1384.0000000;551
MGTSP;D;210803;000000;1376.0000000;848
MGTSP;D;210804;000000;1382.0000000;648
MGTSP;D;210805;000000;1386.0000000;480
MGTSP;D;210806;000000;1380.0000000;382
MGTSP;D;210809;000000;1378.0000000;1335
MGTSP;D;210810;000000;1374.0000000;622
MGTSP;D;210811;000000;1376.0000000;596
MGTSP;D;210812;000000;1370.0000000;1091
MGTSP;D;210813;000000;1380.0000000;2000
MGTSP;D;210816;000000;1378.0000000;1477
MGTSP;D;210817;000000;1376.0000000;2950
MGTSP;D;210818;000000;1400.0000000;3776
MGTSP;D;210819;000000;1376.0000000;749
MGTSP;D;210820;000000;1380.0000000;505
MGTSP;D;210823;000000;1402.0000000;2111
MGTSP;D;210824;000000;1414.0000000;1677
MGTSP;D;210825;000000;1408.0000000;938
MGTSP;D;210826;000000;1444.0000000;1309
MGTSP;D;210827;000000;1424.0000000;2115
MGTSP;D;210830;000000;1414.0000000;1457
MGTSP;D;210831;000000;1410.0000000;1896
MGTSP;D;210901;000000;1418.0000000;1661
MGTSP;D;210902;000000;1426.0000000;854
MGTSP;D;210903;000000;1414.0000000;2103
MGTSP;D;210906;000000;1418.0000000;1310
MGTSP;D;210907;000000;1408.0000000;1026
MGTSP;D;210908;000000;1418.0000000;1020
MGTSP;D;210909;000000;1402.0000000;698
MGTSP;D;210910;000000;1398.0000000;464
MGTSP;D;210913;000000;1404.0000000;2524
MGTSP;D;210914;000000;1400.0000000;1217
MGTSP;D;210915;000000;1400.0000000;536
MGTSP;D;210916;000000;1396.0000000;454
MGTSP;D;210917;000000;1396.0000000;1094
MGTSP;D;210920;000000;1376.0000000;1692
MGTSP;D;210921;000000;1382.0000000;761
MGTSP;D;210922;000000;1376.0000000;516
MGTSP;D;210923;000000;1370.0000000;1017
MGTSP;D;210924;000000;1390.0000000;2514
MGTSP;D;210927;000000;1386.0000000;833
MGTSP;D;210928;000000;1364.0000000;1582
MGTSP;D;210929;000000;1362.0000000;2563
MGTSP;D;210930;000000;1390.0000000;25069
MGTSP;D;211001;000000;1366.0000000;2553
MGTSP;D;211004;000000;1370.0000000;756
MGTSP;D;211005;000000;1372.0000000;824
MGTSP;D;211006;000000;1376.0000000;495
MGTSP;D;211007;000000;1374.0000000;1585
MGTSP;D;211008;000000;1378.0000000;768
MGTSP;D;211011;000000;1380.0000000;309
MGTSP;D;211012;000000;1380.0000000;579
MGTSP;D;211013;000000;1378.0000000;595
MGTSP;D;211014;000000;1384.0000000;1131
MGTSP;D;211015;000000;1396.0000000;1279
MGTSP;D;211018;000000;1404.0000000;1227
MGTSP;D;211019;000000;1406.0000000;1999
MGTSP;D;211020;000000;1416.0000000;1598
MGTSP;D;211021;000000;1396.0000000;818
MGTSP;D;211022;000000;1406.0000000;1359
MGTSP;D;211025;000000;1402.0000000;635
MGTSP;D;211026;000000;1402.0000000;710
MGTSP;D;211027;000000;1388.0000000;1170
MGTSP;D;211028;000000;1376.0000000;724
MGTSP;D;211029;000000;1376.0000000;425
MGTSP;D;211101;000000;1384.0000000;562
MGTSP;D;211102;000000;1378.0000000;458
MGTSP;D;211103;000000;1364.0000000;1004
MGTSP;D;211105;000000;1368.0000000;1148
MGTSP;D;211108;000000;1368.0000000;562
MGTSP;D;211109;000000;1366.0000000;670
MGTSP;D;211110;000000;1588.0000000;63988
MGTSP;D;211111;000000;1440.0000000;28575
MGTSP;D;211112;000000;1432.0000000;7528
MGTSP;D;211115;000000;1404.0000000;2884
MGTSP;D;211116;000000;1376.0000000;11437
MGTSP;D;211117;000000;1412.0000000;15441
MGTSP;D;211118;000000;1364.0000000;6919
MGTSP;D;211119;000000;1364.0000000;2930
MGTSP;D;211122;000000;1342.0000000;2290
MGTSP;D;211123;000000;1356.0000000;792
MGTSP;D;211124;000000;1348.0000000;1372
MGTSP;D;211125;000000;1366.0000000;1468
MGTSP;D;211126;000000;1340.0000000;1194
MGTSP;D;211129;000000;1332.0000000;1022
MGTSP;D;211130;000000;1330.0000000;348
MGTSP;D;211201;000000;1336.0000000;609
MGTSP;D;211202;000000;1350.0000000;4367
MGTSP;D;211203;000000;1320.0000000;1734
MGTSP;D;211206;000000;1314.0000000;1646
MGTSP;D;211207;000000;1326.0000000;1671
MGTSP;D;211208;000000;1310.0000000;1072
MGTSP;D;211209;000000;1308.0000000;817
MGTSP;D;211210;000000;1308.0000000;745
MGTSP;D;211213;000000;1252.0000000;2764
MGTSP;D;211214;000000;1224.0000000;6950
MGTSP;D;211215;000000;1218.0000000;1948
MGTSP;D;211216;000000;1230.0000000;1554
MGTSP;D;211217;000000;1214.0000000;1260
MGTSP;D;211220;000000;1214.0000000;753
MGTSP;D;211221;000000;1220.0000000;1459
MGTSP;D;211222;000000;1212.0000000;1380
MGTSP;D;211223;000000;1192.0000000;3275
MGTSP;D;211224;000000;1190.0000000;2581
MGTSP;D;211227;000000;1184.0000000;2702
MGTSP;D;211228;000000;1164.0000000;10463
MGTSP;D;211229;000000;1178.0000000;1916
MGTSP;D;211230;000000;1178.0000000;3204
MGTSP;D;220103;000000;1194.0000000;761
MGTSP;D;220104;000000;1208.0000000;811
MGTSP;D;220105;000000;1196.0000000;487
MGTSP;D;220106;000000;1200.0000000;852
MGTSP;D;220110;000000;1184.0000000;3835
MGTSP;D;220111;000000;1204.0000000;2147
MGTSP;D;220112;000000;1208.0000000;833
MGTSP;D;220113;000000;1190.0000000;3655
MGTSP;D;220114;000000;1164.0000000;3741
MGTSP;D;220117;000000;1162.0000000;1537
MGTSP;D;220118;000000;1110.0000000;5576
MGTSP;D;220119;000000;1130.0000000;1233
MGTSP;D;220120;000000;1134.0000000;662
MGTSP;D;220121;000000;1114.0000000;1001
MGTSP;D;220124;000000;1026.0000000;8529
MGTSP;D;220125;000000;1032.0000000;2635
MGTSP;D;220126;000000;1078.0000000;1886
MGTSP;D;220127;000000;1122.0000000;2027
MGTSP;D;220128;000000;1120.0000000;538
MGTSP;D;220131;000000;1124.0000000;1117
MGTSP;D;220201;000000;1122.0000000;613
MGTSP;D;220202;000000;1106.0000000;1969
MGTSP;D;220203;000000;1092.0000000;933
MGTSP;D;220204;000000;1092.0000000;635
MGTSP;D;220207;000000;1078.0000000;773
MGTSP;D;220208;000000;1088.0000000;673
MGTSP;D;220209;000000;1098.0000000;932
MGTSP;D;220210;000000;1098.0000000;379
MGTSP;D;220211;000000;1080.0000000;1345
MGTSP;D;220214;000000;1060.0000000;1187
MGTSP;D;220215;000000;1066.0000000;526
MGTSP;D;220216;000000;1090.0000000;830
MGTSP;D;220217;000000;1058.0000000;946
MGTSP;D;220218;000000;1050.0000000;742
MGTSP;D;220221;000000;954.0000000;2936
MGTSP;D;220222;000000;992.0000000;4230
MGTSP;D;220224;000000;614.0000000;6816
MGTSP;D;220225;000000;832.0000000;4245
MGTSP;D;220328;000000;716.0000000;4706
MGTSP;D;220329;000000;720.0000000;2767
MGTSP;D;220330;000000;790.0000000;2671
MGTSP;D;220331;000000;854.0000000;5751
MGTSP;D;220401;000000;898.0000000;4134
MGTSP;D;220404;000000;898.0000000;2078
MGTSP;D;220405;000000;876.0000000;1787
MGTSP;D;220406;000000;856.0000000;1203
MGTSP;D;220407;000000;852.0000000;780
MGTSP;D;220408;000000;860.0000000;2084
MGTSP;D;220411;000000;904.0000000;3933
MGTSP;D;220412;000000;870.0000000;1439
MGTSP;D;220413;000000;860.0000000;1308
MGTSP;D;220414;000000;832.0000000;974
MGTSP;D;220415;000000;864.0000000;2493
MGTSP;D;220418;000000;854.0000000;1187
MGTSP;D;220419;000000;842.0000000;1735
MGTSP;D;220420;000000;824.0000000;1561
MGTSP;D;220421;000000;830.0000000;1369
MGTSP;D;220422;000000;818.0000000;765
MGTSP;D;220425;000000;802.0000000;1799
MGTSP;D;220426;000000;828.0000000;870
MGTSP;D;220427;000000;814.0000000;1558
MGTSP;D;220428;000000;842.0000000;1746
MGTSP;D;220429;000000;842.0000000;1253
MGTSP;D;220504;000000;836.0000000;1667
MGTSP;D;220505;000000;864.0000000;1667
MGTSP;D;220506;000000;830.0000000;3564
MGTSP;D;220511;000000;834.0000000;1497
MGTSP;D;220512;000000;822.0000000;635
MGTSP;D;220513;000000;836.0000000;1430
MGTSP;D;220516;000000;808.0000000;14200
MGTSP;D;220517;000000;806.0000000;3521
MGTSP;D;220518;000000;806.0000000;4297
MGTSP;D;220519;000000;786.0000000;2444
MGTSP;D;220520;000000;748.0000000;4312
MGTSP;D;220523;000000;720.0000000;1452
MGTSP;D;220524;000000;698.0000000;2443
MGTSP;D;220525;000000;696.0000000;2131
MGTSP;D;220526;000000;694.0000000;1160
MGTSP;D;220527;000000;700.0000000;525
MGTSP;D;220530;000000;700.0000000;1434
MGTSP;D;220531;000000;690.0000000;604
MGTSP;D;220601;000000;684.0000000;1793
MGTSP;D;220602;000000;682.0000000;610
MGTSP;D;220603;000000;660.0000000;1511
MGTSP;D;220606;000000;654.0000000;860
MGTSP;D;220607;000000;680.0000000;1329
MGTSP;D;220608;000000;674.0000000;391
MGTSP;D;220609;000000;666.0000000;392
MGTSP;D;220610;000000;660.0000000;1228
MGTSP;D;220614;000000;670.0000000;385
MGTSP;D;220615;000000;674.0000000;734
MGTSP;D;220616;000000;678.0000000;918
MGTSP;D;220617;000000;690.0000000;1575
MGTSP;D;220620;000000;724.0000000;4896
MGTSP;D;220621;000000;702.0000000;4249
MGTSP;D;220622;000000;684.0000000;1307
MGTSP;D;220623;000000;686.0000000;2177
MGTSP;D;220624;000000;682.0000000;536
MGTSP;D;220627;000000;690.0000000;474
MGTSP;D;220628;000000;690.0000000;640
MGTSP;D;220629;000000;690.0000000;280
MGTSP;D;220630;000000;670.0000000;2390
MGTSP;D;220701;000000;676.0000000;720
MGTSP;D;220704;000000;660.0000000;2066
MGTSP;D;220705;000000;670.0000000;676
MGTSP;D;220706;000000;674.0000000;921
MGTSP;D;220707;000000;674.0000000;639
MGTSP;D;220708;000000;670.0000000;296
MGTSP;D;220711;000000;670.0000000;845
MGTSP;D;220712;000000;670.0000000;1145
MGTSP;D;220713;000000;660.0000000;672
MGTSP;D;220714;000000;644.0000000;1845
MGTSP;D;220715;000000;652.0000000;1248
MGTSP;D;220718;000000;648.0000000;870
MGTSP;D;220719;000000;642.0000000;450
MGTSP;D;220720;000000;638.0000000;3082
MGTSP;D;220721;000000;636.0000000;209
MGTSP;D;220722;000000;646.0000000;340
MGTSP;D;220725;000000;666.0000000;822
MGTSP;D;220726;000000;670.0000000;649
MGTSP;D;220727;000000;668.0000000;1029
MGTSP;D;220728;000000;670.0000000;1230
MGTSP;D;220729;000000;668.0000000;322
MGTSP;D;220801;000000;662.0000000;321
MGTSP;D;220802;000000;654.0000000;452
MGTSP;D;220803;000000;650.0000000;1057
MGTSP;D;220804;000000;640.0000000;963
MGTSP;D;220805;000000;644.0000000;2794
MGTSP;D;220808;000000;652.0000000;514
MGTSP;D;220809;000000;648.0000000;915
MGTSP;D;220810;000000;658.0000000;8462
MGTSP;D;220811;000000;670.0000000;859
MGTSP;D;220812;000000;680.0000000;1912
MGTSP;D;220815;000000;716.0000000;12135
MGTSP;D;220816;000000;714.0000000;1154
MGTSP;D;220817;000000;710.0000000;745
MGTSP;D;220818;000000;710.0000000;2651
MGTSP;D;220819;000000;696.0000000;2866
MGTSP;D;220822;000000;770.0000000;19472
MGTSP;D;220823;000000;748.0000000;8335
MGTSP;D;220824;000000;766.0000000;7212
MGTSP;D;220825;000000;758.0000000;2962
MGTSP;D;220826;000000;816.0000000;27072
MGTSP;D;220829;000000;1090.0000000;159123
MGTSP;D;220830;000000;924.0000000;48937
MGTSP;D;220831;000000;944.0000000;46086
MGTSP;D;220901;000000;938.0000000;15571
MGTSP;D;220902;000000;950.0000000;9242
MGTSP;D;220905;000000;964.0000000;5881
MGTSP;D;220906;000000;924.0000000;5660
MGTSP;D;220907;000000;920.0000000;2961
MGTSP;D;220908;000000;894.0000000;2697
MGTSP;D;220909;000000;918.0000000;16413
MGTSP;D;220912;000000;930.0000000;2148
MGTSP;D;220913;000000;908.0000000;3127
MGTSP;D;220914;000000;906.0000000;768
MGTSP;D;220915;000000;904.0000000;1203
MGTSP;D;220916;000000;900.0000000;1770
MGTSP;D;220919;000000;874.0000000;7697
MGTSP;D;220920;000000;770.0000000;6670
MGTSP;D;220921;000000;726.0000000;6335
MGTSP;D;220922;000000;754.0000000;3428
MGTSP;D;220923;000000;690.0000000;4426
MGTSP;D;220926;000000;636.0000000;4454
MGTSP;D;220927;000000;642.0000000;2687
MGTSP;D;220928;000000;644.0000000;2029
MGTSP;D;220929;000000;640.0000000;1588
MGTSP;D;220930;000000;640.0000000;3670
MGTSP;D;221003;000000;694.0000000;4781
MGTSP;D;221004;000000;678.0000000;2120
MGTSP;D;221005;000000;674.0000000;1192
MGTSP;D;221006;000000;670.0000000;741
MGTSP;D;221007;000000;664.0000000;1769
MGTSP;D;221010;000000;670.0000000;1660
MGTSP;D;221011;000000;680.0000000;2128
MGTSP;D;221012;000000;696.0000000;3470
MGTSP;D;221013;000000;706.0000000;4310
MGTSP;D;221014;000000;694.0000000;1298
MGTSP;D;221017;000000;700.0000000;2310
MGTSP;D;221018;000000;706.0000000;699
MGTSP;D;221019;000000;700.0000000;1007
MGTSP;D;221020;000000;710.0000000;771
MGTSP;D;221021;000000;696.0000000;1237
MGTSP;D;221024;000000;698.0000000;1051
MGTSP;D;221025;000000;706.0000000;983
MGTSP;D;221026;000000;702.0000000;1838
MGTSP;D;221027;000000;760.0000000;25963
MGTSP;D;221028;000000;750.0000000;5668
MGTSP;D;221031;000000;742.0000000;1660
MGTSP;D;221101;000000;736.0000000;3307
MGTSP;D;221102;000000;780.0000000;34228
MGTSP;D;221103;000000;792.0000000;7024
MGTSP;D;221107;000000;784.0000000;3403
MGTSP;D;221108;000000;780.0000000;2002
MGTSP;D;221109;000000;758.0000000;3819
MGTSP;D;221110;000000;766.0000000;1760
MGTSP;D;221111;000000;760.0000000;1587
MGTSP;D;221114;000000;790.0000000;7559
MGTSP;D;221115;000000;790.0000000;2782
MGTSP;D;221116;000000;798.0000000;1755
MGTSP;D;221117;000000;794.0000000;1182
MGTSP;D;221118;000000;788.0000000;481
MGTSP;D;221121;000000;790.0000000;2642
MGTSP;D;221122;000000;788.0000000;4489
MGTSP;D;221123;000000;800.0000000;11194
MGTSP;D;221124;000000;798.0000000;9970
MGTSP;D;221125;000000;774.0000000;1658
MGTSP;D;221128;000000;808.0000000;7699
MGTSP;D;221129;000000;804.0000000;1026
MGTSP;D;221130;000000;810.0000000;29133
MGTSP;D;221201;000000;832.0000000;15402
MGTSP;D;221202;000000;834.0000000;9479
MGTSP;D;221205;000000;834.0000000;2044
MGTSP;D;221206;000000;828.0000000;2093
MGTSP;D;221207;000000;806.0000000;6299
MGTSP;D;221208;000000;796.0000000;2627
MGTSP;D;221209;000000;792.0000000;652
MGTSP;D;221212;000000;790.0000000;1378
MGTSP;D;221213;000000;804.0000000;14344
MGTSP;D;221214;000000;812.0000000;4122
MGTSP;D;221215;000000;806.0000000;1768
MGTSP;D;221216;000000;802.0000000;503
MGTSP;D;221219;000000;814.0000000;3201
MGTSP;D;221220;000000;848.0000000;10157
MGTSP;D;221221;000000;856.0000000;6259
MGTSP;D;221222;000000;848.0000000;4064
MGTSP;D;221223;000000;844.0000000;1644
MGTSP;D;221226;000000;848.0000000;1472
MGTSP;D;221227;000000;842.0000000;3948
MGTSP;D;221228;000000;840.0000000;5484
MGTSP;D;221229;000000;874.0000000;127594
MGTSP;D;221230;000000;852.0000000;17716
MGTSP;D;230103;000000;856.0000000;4057
MGTSP;D;230104;000000;858.0000000;9595
MGTSP;D;230105;000000;860.0000000;6840
MGTSP;D;230106;000000;830.0000000;24536
MGTSP;D;230109;000000;844.0000000;15063
MGTSP;D;230110;000000;882.0000000;150954
MGTSP;D;230111;000000;868.0000000;26083
MGTSP;D;230112;000000;884.0000000;39139
MGTSP;D;230113;000000;892.0000000;28719
MGTSP;D;230116;000000;912.0000000;17766
MGTSP;D;230117;000000;906.0000000;6853
MGTSP;D;230118;000000;900.0000000;5207
MGTSP;D;230119;000000;878.0000000;5581
MGTSP;D;230120;000000;894.0000000;22345
MGTSP;D;230123;000000;906.0000000;13572
MGTSP;D;230124;000000;922.0000000;14170
MGTSP;D;230125;000000;912.0000000;4297
MGTSP;D;230126;000000;1062.0000000;519444
MGTSP;D;230127;000000;984.0000000;108419
MGTSP;D;230130;000000;1018.0000000;78402
MGTSP;D;230131;000000;1000.0000000;16869
MGTSP;D;230201;000000;994.0000000;9870
MGTSP;D;230202;000000;992.0000000;11786
MGTSP;D;230203;000000;984.0000000;45034
MGTSP;D;230206;000000;1098.0000000;308740
MGTSP;D;230207;000000;1538.0000000;931538
MGTSP;D;230208;000000;1790.0000000;1301344
MGTSP;D;230209;000000;1320.0000000;807127
MGTSP;D;230210;000000;1140.0000000;210078
MGTSP;D;230213;000000;1240.0000000;239041
MGTSP;D;230214;000000;1180.0000000;50939
MGTSP;D;230215;000000;1132.0000000;63655
MGTSP;D;230216;000000;1136.0000000;75590
MGTSP;D;230217;000000;1192.0000000;327595
MGTSP;D;230220;000000;1160.0000000;35470
MGTSP;D;230221;000000;1188.0000000;58334
MGTSP;D;230222;000000;1208.0000000;86538
MGTSP;D;230224;000000;1200.0000000;10798
MGTSP;D;230227;000000;1240.0000000;288954
MGTSP;D;230228;000000;1252.0000000;36340
MGTSP;D;230301;000000;1292.0000000;141668
MGTSP;D;230302;000000;1326.0000000;354774
MGTSP;D;230303;000000;1340.0000000;99758
MGTSP;D;230306;000000;1390.0000000;86390
MGTSP;D;230307;000000;1384.0000000;66706
MGTSP;D;230309;000000;1362.0000000;28018
MGTSP;D;230310;000000;1348.0000000;22066
MGTSP;D;230313;000000;1318.0000000;43392
MGTSP;D;230314;000000;1328.0000000;22410
MGTSP;D;230315;000000;1294.0000000;37221
MGTSP;D;230316;000000;1298.0000000;24519
MGTSP;D;230317;000000;1272.0000000;30361
MGTSP;D;230320;000000;1272.0000000;30357
MGTSP;D;230321;000000;1254.0000000;20860
MGTSP;D;230322;000000;1286.0000000;124172
MGTSP;D;230323;000000;1302.0000000;26868
MGTSP;D;230324;000000;1314.0000000;27922
MGTSP;D;230327;000000;1332.0000000;36035
MGTSP;D;230328;000000;1324.0000000;19842
MGTSP;D;230329;000000;1312.0000000;9444
MGTSP;D;230330;000000;1322.0000000;44203
MGTSP;D;230331;000000;1298.0000000;24759
MGTSP;D;230403;000000;1376.0000000;247075
MGTSP;D;230404;000000;1366.0000000;42428
MGTSP;D;230405;000000;1392.0000000;99879
MGTSP;D;230406;000000;1434.0000000;228228
MGTSP;D;230407;000000;1414.0000000;55484
MGTSP;D;230410;000000;1500.0000000;256350
MGTSP;D;230411;000000;1438.0000000;113350
MGTSP;D;230412;000000;1420.0000000;53463
MGTSP;D;230413;000000;1388.0000000;20957
MGTSP;D;230414;000000;1408.0000000;23141
MGTSP;D;230417;000000;1542.0000000;228691
MGTSP;D;230418;000000;1486.0000000;197033
MGTSP;D;230419;000000;1462.0000000;41456
MGTSP;D;230420;000000;1448.0000000;32115
MGTSP;D;230421;000000;1448.0000000;18052
MGTSP;D;230424;000000;1438.0000000;9076
MGTSP;D;230425;000000;1434.0000000;7003
MGTSP;D;230426;000000;1434.0000000;7580
MGTSP;D;230427;000000;1410.0000000;11927
MGTSP;D;230428;000000;1378.0000000;18344
MGTSP;D;230502;000000;1342.0000000;35203
MGTSP;D;230503;000000;1282.0000000;30290
MGTSP;D;230504;000000;1286.0000000;18657
MGTSP;D;230505;000000;1272.0000000;7077
MGTSP;D;230508;000000;1270.0000000;2843
MGTSP;D;230510;000000;1298.0000000;10498
MGTSP;D;230511;000000;1464.0000000;102742
MGTSP;D;230512;000000;1288.0000000;153540
MGTSP;D;230515;000000;1288.0000000;47277
MGTSP;D;230516;000000;1292.0000000;9925
MGTSP;D;230517;000000;1294.0000000;5428
MGTSP;D;230518;000000;1286.0000000;10318
MGTSP;D;230519;000000;1270.0000000;10776
MGTSP;D;230522;000000;1234.0000000;18159
MGTSP;D;230523;000000;1236.0000000;19593
MGTSP;D;230524;000000;1236.0000000;5002
MGTSP;D;230525;000000;1212.0000000;5185
MGTSP;D;230526;000000;1216.0000000;5174
MGTSP;D;230529;000000;1216.0000000;4894
MGTSP;D;230530;000000;1206.0000000;3425
MGTSP;D;230531;000000;1192.0000000;9731
MGTSP;D;230601;000000;1168.0000000;10223
MGTSP;D;230602;000000;1232.0000000;60914
MGTSP;D;230605;000000;1212.0000000;12599
MGTSP;D;230606;000000;1184.0000000;19493
MGTSP;D;230607;000000;1182.0000000;12149
MGTSP;D;230608;000000;1202.0000000;12111
MGTSP;D;230609;000000;1208.0000000;21367
MGTSP;D;230613;000000;1222.0000000;3238
MGTSP;D;230614;000000;1222.0000000;8242
MGTSP;D;230615;000000;1214.0000000;5171
MGTSP;D;230616;000000;1214.0000000;7221
MGTSP;D;230619;000000;1198.0000000;11741
MGTSP;D;230620;000000;1186.0000000;10246
MGTSP;D;230621;000000;1194.0000000;10231
MGTSP;D;230622;000000;1206.0000000;30904
MGTSP;D;230623;000000;1198.0000000;7124
MGTSP;D;230626;000000;1190.0000000;9672
MGTSP;D;230627;000000;1196.0000000;4524
MGTSP;D;230628;000000;1184.0000000;8810
MGTSP;D;230629;000000;1182.0000000;4333
MGTSP;D;230630;000000;1176.0000000;12771
MGTSP;D;230703;000000;1176.0000000;5219
MGTSP;D;230704;000000;1168.0000000;5854
MGTSP;D;230705;000000;1170.0000000;5979
MGTSP;D;230706;000000;1170.0000000;4712
MGTSP;D;230707;000000;1168.0000000;2625
MGTSP;D;230710;000000;1210.0000000;48651
MGTSP;D;230711;000000;1192.0000000;13974
MGTSP;D;230712;000000;1230.0000000;42644
MGTSP;D;230713;000000;1214.0000000;34802
MGTSP;D;230714;000000;1250.0000000;65998
MGTSP;D;230717;000000;1266.0000000;16300
MGTSP;D;230718;000000;1308.0000000;69722
MGTSP;D;230719;000000;1296.0000000;21681
MGTSP;D;230720;000000;1272.0000000;20165
MGTSP;D;230721;000000;1272.0000000;12094
MGTSP;D;230724;000000;1274.0000000;16031
MGTSP;D;230725;000000;1294.0000000;58266
MGTSP;D;230726;000000;1284.0000000;21964
MGTSP;D;230727;000000;1320.0000000;41991
MGTSP;D;230728;000000;1348.0000000;145676
MGTSP;D;230731;000000;1368.0000000;62225
MGTSP;D;230801;000000;1354.0000000;27453
MGTSP;D;230802;000000;1346.0000000;21522
MGTSP;D;230803;000000;1350.0000000;17478
MGTSP;D;230804;000000;1360.0000000;106311
MGTSP;D;230807;000000;1366.0000000;23147
MGTSP;D;230808;000000;1350.0000000;30952
MGTSP;D;230809;000000;1364.0000000;16864
MGTSP;D;230810;000000;1374.0000000;32088
MGTSP;D;230811;000000;1370.0000000;9659
MGTSP;D;230814;000000;1322.0000000;36229
MGTSP;D;230815;000000;1470.0000000;692457
MGTSP;D;230816;000000;1392.0000000;90476
MGTSP;D;230817;000000;1452.0000000;95566
MGTSP;D;230818;000000;1428.0000000;21514
MGTSP;D;230821;000000;1504.0000000;48087
MGTSP;D;230822;000000;1496.0000000;33684
MGTSP;D;230823;000000;1480.0000000;68058
MGTSP;D;230824;000000;1454.0000000;138271
MGTSP;D;230825;000000;1468.0000000;42493
MGTSP;D;230828;000000;1500.0000000;53924
MGTSP;D;230829;000000;1510.0000000;43432
MGTSP;D;230830;000000;1590.0000000;536009
MGTSP;D;230831;000000;1580.0000000;55728
MGTSP;D;230901;000000;1588.0000000;32350
MGTSP;D;230904;000000;1716.0000000;214072
MGTSP;D;230905;000000;1894.0000000;232356
MGTSP;D;230906;000000;1826.0000000;68465
MGTSP;D;230907;000000;1740.0000000;155394
MGTSP;D;230908;000000;1802.0000000;107510
MGTSP;D;230911;000000;1758.0000000;34488
MGTSP;D;230912;000000;1786.0000000;23982
MGTSP;D;230913;000000;1760.0000000;26700
MGTSP;D;230914;000000;1768.0000000;114886
MGTSP;D;230915;000000;1774.0000000;32547
MGTSP;D;230918;000000;1792.0000000;46413
MGTSP;D;230919;000000;1740.0000000;39700
MGTSP;D;230920;000000;1726.0000000;84495
MGTSP;D;230921;000000;1674.0000000;23384
MGTSP;D;230922;000000;1694.0000000;16123
MGTSP;D;230925;000000;1738.0000000;29434
MGTSP;D;230926;000000;1726.0000000;9420
MGTSP;D;230927;000000;1728.0000000;12472
MGTSP;D;230928;000000;1740.0000000;18195
MGTSP;D;230929;000000;1738.0000000;6192
MGTSP;D;231002;000000;1702.0000000;17044
MGTSP;D;231003;000000;1702.0000000;17965
MGTSP;D;231004;000000;1732.0000000;24261
MGTSP;D;231005;000000;1706.0000000;10086
MGTSP;D;231006;000000;1694.0000000;5106
MGTSP;D;231009;000000;1686.0000000;8211
MGTSP;D;231010;000000;1692.0000000;15271
MGTSP;D;231011;000000;1678.0000000;5534
MGTSP;D;231012;000000;1660.0000000;5805
MGTSP;D;231013;000000;1660.0000000;3312
MGTSP;D;231016;000000;1666.0000000;7105
MGTSP;D;231017;000000;1666.0000000;5071
MGTSP;D;231018;000000;1628.0000000;18232
MGTSP;D;231019;000000;1606.0000000;18361
MGTSP;D;231020;000000;1630.0000000;25050
MGTSP;D;231023;000000;1658.0000000;44368
MGTSP;D;231024;000000;1690.0000000;21832
MGTSP;D;231025;000000;1680.0000000;17400
MGTSP;D;231026;000000;1650.0000000;10736
MGTSP;D;231027;000000;1660.0000000;9674
MGTSP;D;231030;000000;1650.0000000;7368
MGTSP;D;231031;000000;1622.0000000;7661
MGTSP;D;231101;000000;1622.0000000;4707
MGTSP;D;231102;000000;1622.0000000;7412
MGTSP;D;231103;000000;1602.0000000;8154
MGTSP;D;231106;000000;1618.0000000;5965
MGTSP;D;231107;000000;1606.0000000;4117
MGTSP;D;231108;000000;1640.0000000;23004
MGTSP;D;231109;000000;1624.0000000;14088
MGTSP;D;231110;000000;1602.0000000;7122
MGTSP;D;231113;000000;1554.0000000;18376
MGTSP;D;231114;000000;1506.0000000;11728
MGTSP;D;231115;000000;1560.0000000;19134
MGTSP;D;231116;000000;1532.0000000;10104
MGTSP;D;231117;000000;1510.0000000;5615
MGTSP;D;231120;000000;1524.0000000;9043
MGTSP;D;231121;000000;1550.0000000;32296
MGTSP;D;231122;000000;1572.0000000;8148
MGTSP;D;231123;000000;1538.0000000;4777
MGTSP;D;231124;000000;1540.0000000;4299
MGTSP;D;231127;000000;1482.0000000;13175
MGTSP;D;231128;000000;1446.0000000;14472
MGTSP;D;231129;000000;1430.0000000;7851
MGTSP;D;231130;000000;1418.0000000;29058
MGTSP;D;231201;000000;1408.0000000;7078
MGTSP;D;231204;000000;1344.0000000;20625
MGTSP;D;231205;000000;1294.0000000;19599
MGTSP;D;231206;000000;1258.0000000;12317
MGTSP;D;231207;000000;1276.0000000;11368
MGTSP;D;231208;000000;1268.0000000;12839
MGTSP;D;231211;000000;1222.0000000;11113
MGTSP;D;231212;000000;1238.0000000;15484
MGTSP;D;231213;000000;1242.0000000;10157
